id_comarca,municipio_nome,id_municipio_tjsp,comarca_tjsp_corrigido,raj,comarca_tjsp,unidades,comarca_tjsp_temp
3500105,Adamantina,6504,Adamantina,5ª RAJ Presidente Prudente,Adamantina,Fórum I Adamantina,adamantina
3500105,Adamantina,6504,Adamantina,5ª RAJ Presidente Prudente,Adamantina,Fórum II Adamantina (Residência Oficial),adamantina
3500105,Adamantina,6504,Adamantina,5ª RAJ Presidente Prudente,Adamantina,Fórum III Adamantina - UAAJ - FAC. ADAM. INTEGRADAS,adamantina
3500303,Aguaí,6506,Aguaí,4ª RAJ Campinas,Aguaí,Comarca de Aguaí,aguai
3500501,Águas de Lindóia,6508,Águas de Lindóia,4ª RAJ Campinas,Águas de Lindóia,Fórum Águas de Lindóia,aguas de lindoia
3500501,Águas de Lindóia,6508,Águas de Lindóia,4ª RAJ Campinas,Águas de Lindóia,Fórum Águas de Lindóia (J.E.CÍVEL e Criminal),aguas de lindoia
3500709,Agudos,6511,Agudos,3ª RAJ Bauru,Agudos,"FÓRUM DESEMBARGADOR ""FRANCISCO MEIRELLES DOS SANTOS""",agudos
3501004,Altinópolis,6515,Altinópolis,6ª RAJ Ribeirão Preto,Altinópolis,"Fórum ""Desembargador ALFREDO FANUCCHI NETO""",altinopolis
3501608,Americana,6522,Americana,4ª RAJ Campinas,Americana,Fórum Americana,americana
3501608,Americana,6522,Americana,4ª RAJ Campinas,Americana,Fórum Americana (CEJUSC) - UNISAL,americana
3501707,Américo Brasiliense,6523,Américo Brasiliense,6ª RAJ Ribeirão Preto,Américo Brasiliense,Fórum Américo Brasiliense,americo brasiliense
3501905,Amparo,6525,Amparo,4ª RAJ Campinas,Amparo,Fórum Dr. Laudo Ferreira de Camargo,amparo
3501905,Amparo,6525,Amparo,4ª RAJ Campinas,Amparo,Setor das Execuções Fiscais e Setor Técnico Psicossocial,amparo
3501905,Amparo,6525,Amparo,4ª RAJ Campinas,Amparo,"Juizado Especial Cível e Crim., Colégio Recursal e CEJUSC",amparo
3502101,Andradina,6527,Andradina,2ª RAJ Araçatuba,Andradina,Fórum Andradina I (Homero Rodrigues Silva),andradina
3502101,Andradina,6527,Andradina,2ª RAJ Araçatuba,Andradina,Fórum Andradina III - Anexo de Violência Doméstica e Familiar Contra a Mulher,andradina
3502101,Andradina,6527,Andradina,2ª RAJ Araçatuba,Andradina,Fórum Andradina V - Anexo do Juizado de Andradina - UAAJ - CASTILHO,andradina
3502200,Angatuba,6528,Angatuba,10ª RAJ Sorocaba,Angatuba,Fórum I Angatuba,angatuba
3502200,Angatuba,6528,Angatuba,10ª RAJ Sorocaba,Angatuba,Fórum II Angatuba (Residência Oficial),angatuba
3502507,Aparecida,6531,Aparecida,9ª RAJ São José dos Campos,Aparecida,Fórum Aparecida,aparecida
3502705,Apiaí,6533,Apiaí,10ª RAJ Sorocaba,Apiaí,Fórum Apiaí - Des. Déscio Mendes Pereira,apiai
3502804,Araçatuba,6535,Araçatuba,2ª RAJ Araçatuba,Araçatuba,Fórum Araçatuba I - PRINCIPAL,aracatuba
3502804,Araçatuba,6535,Araçatuba,2ª RAJ Araçatuba,Araçatuba,Forum Araçatuba V - Serviço de Atendimento Psicossocial,aracatuba
3503208,Araraquara,6540,Araraquara,6ª RAJ Ribeirão Preto,Araraquara,Fórum Juiz Macedo Couto,araraquara
3503208,Araraquara,6540,Araraquara,6ª RAJ Ribeirão Preto,Araraquara,Fórum Araraquara III - (CEJUSC),araraquara
3503307,Araras,6541,Araras,4ª RAJ Campinas,Araras,Fórum Araras - (Des.Manoel Carlos  da Costa Leite),araras
3503307,Araras,6541,Araras,4ª RAJ Campinas,Araras,Forum Araras II - ANEXO FISCAL,araras
3503307,Araras,6541,Araras,4ª RAJ Campinas,Araras,Fórum Araras III (CEJUSC na Universidade de Araras - UNAR),araras
3503307,Araras,6541,Araras,4ª RAJ Campinas,Araras,Fórum Araras IV (CEJUSC),araras
3503307,Araras,6541,Araras,4ª RAJ Campinas,Araras,Fórum Araras V - (Anexo da Violência Doméstica),araras
3503802,Artur Nogueira,6547,Artur Nogueira,4ª RAJ Campinas,Artur Nogueira,Fórum Artur Nogueira,artur nogueira
3503802,Artur Nogueira,6547,Artur Nogueira,4ª RAJ Campinas,Artur Nogueira,Fórum Artur Nogueira (CEJUSC),artur nogueira
3503901,Arujá,6548,Arujá,1ª RAJ Grande São Paulo,Arujá,Fórum Fernando de Albuquerque Prado,aruja
3503901,Arujá,6548,Arujá,1ª RAJ Grande São Paulo,Arujá,Fórum Arujá II,aruja
3503901,Arujá,6548,Arujá,1ª RAJ Grande São Paulo,Arujá,Forum Arujá III (Setor Técnico),aruja
3503901,Arujá,6548,Arujá,1ª RAJ Grande São Paulo,Arujá,Fórum Arujá IV - Execuções Fiscais,aruja
3503901,Arujá,6548,Arujá,1ª RAJ Grande São Paulo,Arujá,Fórum Arujá V (Salão do Júri),aruja
3503901,Arujá,6548,Arujá,1ª RAJ Grande São Paulo,Arujá,Fórum Arujá VI - Juizado Especial Cível e Criminal,aruja
3503901,Arujá,6548,Arujá,1ª RAJ Grande São Paulo,Arujá,Fórum Arujá VII - Deposito de Material e Arquivo de Processos,aruja
3503901,Arujá,6548,Arujá,1ª RAJ Grande São Paulo,Arujá,Fórum Arujá VIII - Cejusc,aruja
3504008,Assis,6550,Assis,5ª RAJ Presidente Prudente,Assis,Fórum Assis I - Dr. José Claudino de Oliveira Dias,assis
3504107,Atibaia,6551,Atibaia,4ª RAJ Campinas,Atibaia,CEJUSC Atibaia,atibaia
3504107,Atibaia,6551,Atibaia,4ª RAJ Campinas,Atibaia,"Fórum ""Dr. Álvaro Correia Lima""",atibaia
3504206,Auriflama,6552,Auriflama,2ª RAJ Araçatuba,Auriflama,Fórum Auriflama - (Ministro Domingos Franciulli Neto),auriflama
3504503,Avaré,6555,Avaré,3ª RAJ Bauru,Avaré,Fórum Avaré - I,avare
3504503,Avaré,6555,Avaré,3ª RAJ Bauru,Avaré,Fórum Avaré - II (CEJUSC),avare
3504909,Bananal,6559,Bananal,9ª RAJ São José dos Campos,Bananal,DR JOSÉ RANGEL DE ALMEIDA,bananal
3505203,Bariri,6562,Bariri,3ª RAJ Bauru,Bariri,"FORUM ""DR. JOAQUIM FERNANDO PAES DE BARROS NETTO""",bariri
3505203,Bariri,6562,Bariri,3ª RAJ Bauru,Bariri,Fórum Bariri II,bariri
3505203,Bariri,6562,Bariri,3ª RAJ Bauru,Bariri,Residência Oficial - cedida para Prefeitura Municipal de Bariri-19ª Zona Eleitor,bariri
3505302,Barra Bonita,6563,Barra Bonita,3ª RAJ Bauru,Barra Bonita,Fórum I Barra Bonita,barra bonita
3505302,Barra Bonita,6563,Barra Bonita,3ª RAJ Bauru,Barra Bonita,Fórum II Barra Bonita (CEJUSC),barra bonita
3505500,Barretos,6566,Barretos,8ª RAJ São José do Rio Preto,Barretos,Fórum I Barretos,barretos
3505500,Barretos,6566,Barretos,8ª RAJ São José do Rio Preto,Barretos,Fórum III Barretos (Anexo do Juizado Especial Cível - UNIFEB),barretos
3505708,Barueri,6568,Barueri,1ª RAJ Grande São Paulo,Barueri,Fórum Barueri i - (Prédio Novo),barueri
3505708,Barueri,6568,Barueri,1ª RAJ Grande São Paulo,Barueri,Fórum Barueri II - (CEJUSC),barueri
3505807,Bastos,6569,Bastos,5ª RAJ Presidente Prudente,Bastos,Foro da Comarca de Bastos,bastos
3505906,Batatais,6570,Batatais,6ª RAJ Ribeirão Preto,Batatais,Fórum Batatais,batatais
3505906,Batatais,6570,Batatais,6ª RAJ Ribeirão Preto,Batatais,Fórum Batatais II - Juizado Especial Cível e Criminal,batatais
3505906,Batatais,6570,Batatais,6ª RAJ Ribeirão Preto,Batatais,Fórum Batatais III - CEJUSC,batatais
3506003,Bauru,6571,Bauru,3ª RAJ Bauru,Bauru,Fórum Bauru - UPJ 1ª E 2ª VARAS DE VIOLÊNCIA DOMÉSTICA E FAMILIAR CONTRA A MULHE,bauru
3506003,Bauru,6571,Bauru,3ª RAJ Bauru,Bauru,Fórum Bauru I - (Principal),bauru
3506003,Bauru,6571,Bauru,3ª RAJ Bauru,Bauru,Fórum Bauru II - Fazenda Pública e Família e Sucessões,bauru
3506003,Bauru,6571,Bauru,3ª RAJ Bauru,Bauru,Fórum Bauru IV - DARAJ - SAS - IMESC - DEECRIM - Aud.Custódia,bauru
3506003,Bauru,6571,Bauru,3ª RAJ Bauru,Bauru,Fórum Bauru VII - (Prédio Cedido),bauru
3506003,Bauru,6571,Bauru,3ª RAJ Bauru,Bauru,Fórum Bauru VIII - (Prédio Cedido),bauru
3506102,Bebedouro,6572,Bebedouro,8ª RAJ São José do Rio Preto,Bebedouro,Fórum Bebedouro - Desembargador Adriano Marrey,bebedouro
3506102,Bebedouro,6572,Bebedouro,8ª RAJ São José do Rio Preto,Bebedouro,Fórum Bebedouro (Anexo do Juizado Especial - UNIFAFIBE),bebedouro
3506102,Bebedouro,6572,Bebedouro,8ª RAJ São José do Rio Preto,Bebedouro,Fórum Bebedouro (Juizado Especial),bebedouro
3506102,Bebedouro,6572,Bebedouro,8ª RAJ São José do Rio Preto,Bebedouro,Fórum Bebedouro (Residência Oficial),bebedouro
3506359,Bertioga,6575,Bertioga,7ª RAJ Santos,Bertioga,Fórum da Comarca de Bertioga,bertioga
3506409,Bilac,6576,Bilac,2ª RAJ Araçatuba,Bilac,Fórum Bilac (Residência Oficial),bilac
3506409,Bilac,6576,Bilac,2ª RAJ Araçatuba,Bilac,Fórum da Comarca de Bilac - (Coriolano Pompeu Filho),bilac
3506508,Birigui,6577,Birigui,2ª RAJ Araçatuba,Birigui,Fórum I Birigüi,birigui
3506508,Birigui,6577,Birigui,2ª RAJ Araçatuba,Birigui,Fórum II Birigui (Depósito),birigui
3507001,Boituva,6582,Boituva,10ª RAJ Sorocaba,Boituva,Fórum Boituva I  (Ofícios Judiciais),boituva
3507001,Boituva,6582,Boituva,10ª RAJ Sorocaba,Boituva,Fórum Boituva II - (Juizado Especial),boituva
3507001,Boituva,6582,Boituva,10ª RAJ Sorocaba,Boituva,Fórum Boituva III - Anexo Fiscal/Setor Técnico,boituva
3507001,Boituva,6582,Boituva,10ª RAJ Sorocaba,Boituva,Fórum Boituva IV  (UAAJ - Juizado Especial - Iperó),boituva
3507001,Boituva,6582,Boituva,10ª RAJ Sorocaba,Boituva,Fórum Boituva V - (Arquivo JEC),boituva
3507001,Boituva,6582,Boituva,10ª RAJ Sorocaba,Boituva,Fórum Boituva VI - (CEJUSC),boituva
3507001,Boituva,6582,Boituva,10ª RAJ Sorocaba,Boituva,Fórum Boituva VII - (CEJUSC),boituva
3507407,Borborema,6587,Borborema,6ª RAJ Ribeirão Preto,Borborema,"Fórum ""Desembargador Antonio Luis Chaves Camargo""",borborema
3507407,Borborema,6587,Borborema,6ª RAJ Ribeirão Preto,Borborema,Forum de Borborema - Juizado Especial Civel e Criminal,borborema
3507506,Botucatu,6589,Botucatu,3ª RAJ Bauru,Botucatu,Fórum Desembargador Alcides de Almeida Ferrari,botucatu
3507605,Bragança Paulista,6590,Bragança Paulista,4ª RAJ Campinas,Bragança Paulista,Fórum Bragança Paulista - Professor Waldemar Martins Ferreira,braganca paulista
3507605,Bragança Paulista,6590,Bragança Paulista,4ª RAJ Campinas,Bragança Paulista,Fórum Bragança Paulista III - (CEJUSC),braganca paulista
3507803,Brodowski,6593,Brodowski,6ª RAJ Ribeirão Preto,Brodowski,Fórum I Brodowski,brodowski
3507803,Brodowski,6593,Brodowski,6ª RAJ Ribeirão Preto,Brodowski,Fórum II Brodowski (CEJUSC),brodowski
3507902,Brotas,6594,Brotas,4ª RAJ Campinas,Brotas,Fórum Brotas - Desembargador Júlio D´Elboux Guimarães,brotas
3508009,Buri,6595,Buri,10ª RAJ Sorocaba,Buri,Fórum da Comarca de Buri,buri
3508108,Buritama,6596,Buritama,2ª RAJ Araçatuba,Buritama,Fórum Buritama,buritama
3508405,Cabreúva,6599,Cabreúva,10ª RAJ Sorocaba,Cabreúva,"Fórum ""Desembargador Geraldo de Faria Lemos Pinheiro""",cabreuva
3508504,Caçapava,6600,Caçapava,9ª RAJ São José dos Campos,Caçapava,FÓRUM CAÇAPAVA - JUIZADO ESPECIAL / SERVIÇO PSICO SOCIAL - RUA CÔNEGO RODOVALHO,cacapava
3508504,Caçapava,6600,Caçapava,9ª RAJ São José dos Campos,Caçapava,FORUM CAÇAPAVA - CRIMINAL / EXECUÇÃO FISCAL - RUA MARQUES DO HERVAL,cacapava
3508504,Caçapava,6600,Caçapava,9ª RAJ São José dos Campos,Caçapava,FÓRUM CAÇAPAVA - CÍVEL / CEJUSC - PRAÇA DA BANDEIRA,cacapava
3508603,Cachoeira Paulista,6601,Cachoeira Paulista,9ª RAJ São José dos Campos,Cachoeira Paulista,Ministro José Rodrigues Alves Sobrinho,cachoeira paulista
3508603,Cachoeira Paulista,6601,Cachoeira Paulista,9ª RAJ São José dos Campos,Cachoeira Paulista,Cejusc,cachoeira paulista
3508702,Caconde,6602,Caconde,6ª RAJ Ribeirão Preto,Caconde,Fórum Caconde  II -  (Juizado Especial Cível e Criminal),caconde
3508702,Caconde,6602,Caconde,6ª RAJ Ribeirão Preto,Caconde,Fórum Caconde  III -  (CEJUSC - Tapiratiba),caconde
3508702,Caconde,6602,Caconde,6ª RAJ Ribeirão Preto,Caconde,Fórum Caconde  IV -  (CEJUSC),caconde
3508702,Caconde,6602,Caconde,6ª RAJ Ribeirão Preto,Caconde,Fórum Caconde I - (Dr. Antônio de Queiroz Filho),caconde
3508801,Cafelândia,6603,Cafelândia,2ª RAJ Araçatuba,Cafelândia,Fórum Cafelândia I - (Principal),cafelandia
3508801,Cafelândia,6603,Cafelândia,2ª RAJ Araçatuba,Cafelândia,Fórum Cafelândia II - (JEC e CEJUSC),cafelandia
3508801,Cafelândia,6603,Cafelândia,2ª RAJ Araçatuba,Cafelândia,Fórum Cafelândia III - (JEC - UAAJ - JÚLIO MESQUITA ),cafelandia
3509007,Caieiras,6605,Caieiras,4ª RAJ Campinas,Caieiras,Fórum de Caieiras I,caieiras
3509007,Caieiras,6605,Caieiras,4ª RAJ Campinas,Caieiras,Fórum de Caieiras II,caieiras
3509205,Cajamar,6607,Cajamar,4ª RAJ Campinas,Cajamar,Fórum I Cajamar - (Desembargador Marcos Nogueira Garcez),cajamar
3509205,Cajamar,6607,Cajamar,4ª RAJ Campinas,Cajamar,Fórum II Cajamar - (CEJUSC),cajamar
3509403,Cajuru,6610,Cajuru,6ª RAJ Ribeirão Preto,Cajuru,Fórum Cajuru (Dr. Amaury Manço),cajuru
3509502,Campinas,6612,Campinas,4ª RAJ Campinas,Campinas,Foro Regional de Vila Mimosa - Campinas (Des. Antonio Carlos A. Braga),campinas
3509502,Campinas,6612,Campinas,4ª RAJ Campinas,Campinas,Fórum de Campinas - Cidade Judiciária,campinas
3509502,Campinas,6612,Campinas,4ª RAJ Campinas,Campinas,Posto de Atendimento de Inicial do Juizado Especial Cível de Campinas - UNISAL,campinas
3509502,Campinas,6612,Campinas,4ª RAJ Campinas,Campinas,Posto de Atendimento de Inicial do Juizado Especial Cível de Campinas FACAMP,campinas
3509502,Campinas,6612,Campinas,4ª RAJ Campinas,Campinas,Posto de Atendimento de Inicial do Juizado Especial Cível de Campinas - METROCAM,campinas
3509601,Campo Limpo Paulista,6613,Campo Limpo Paulista,4ª RAJ Campinas,Campo Limpo Paulista,Fórum de Campo Limpo Paulista,campo limpo paulista
3509601,Campo Limpo Paulista,6613,Campo Limpo Paulista,4ª RAJ Campinas,Campo Limpo Paulista,Fórum de Campo Limpo Paulista (Anexo),campo limpo paulista
3509700,Campos do Jordão,6614,Campos do Jordão,9ª RAJ São José dos Campos,Campos do Jordão,Fórum Campos do Jordão I - (Des.José Carlos de Macedo Soares),campos do jordao
3509908,Cananéia,6616,Cananéia,7ª RAJ Santos,Cananéia,Fórum Cananéia - JOAQUIM GUEDES ALCOFORADO,cananeia
3510005,Cândido Mota,6618,Cândido Mota,5ª RAJ Presidente Prudente,Cândido Mota,Fórum Cândido Mota,candido mota
3510203,Capão Bonito,6621,Capão Bonito,10ª RAJ Sorocaba,Capão Bonito,Anexo do JEC - UAAJ - GUAPIARA,capao bonito
3510203,Capão Bonito,6621,Capão Bonito,10ª RAJ Sorocaba,Capão Bonito,Fórum da Comarca de Capão Bonito,capao bonito
3510401,Capivari,6623,Capivari,4ª RAJ Campinas,Capivari,Fórum Capivari,capivari
3510500,Caraguatatuba,6624,Caraguatatuba,9ª RAJ São José dos Campos,Caraguatatuba,Fórum Caraguatatuba (CEJUSC),caraguatatuba
3510500,Caraguatatuba,6624,Caraguatatuba,9ª RAJ São José dos Campos,Caraguatatuba,Fórum  de Caraguatatuba,caraguatatuba
3510500,Caraguatatuba,6624,Caraguatatuba,9ª RAJ São José dos Campos,Caraguatatuba,Serviço Anexo das Fazendas,caraguatatuba
3510609,Carapicuíba,6625,Carapicuíba,1ª RAJ Grande São Paulo,Carapicuíba,Fórum Carapicuíba I - (Des. Coaracy Lacerda Madureira),carapicuiba
3510609,Carapicuíba,6625,Carapicuíba,1ª RAJ Grande São Paulo,Carapicuíba,Fórum Carapicuíba II (Arquivo),carapicuiba
3510708,Cardoso,6626,Cardoso,8ª RAJ São José do Rio Preto,Cardoso,Fórum Cardoso,cardoso
3510807,Casa Branca,6627,Casa Branca,6ª RAJ Ribeirão Preto,Casa Branca,Fórum Casa Branca,casa branca
3511102,Catanduva,6630,Catanduva,8ª RAJ São José do Rio Preto,Catanduva,"Fórum ""Dr. Renato Bueno Netto""",catanduva
3511102,Catanduva,6630,Catanduva,8ª RAJ São José do Rio Preto,Catanduva,Fórum Catanduva II - (Anexo Fiscal),catanduva
3511102,Catanduva,6630,Catanduva,8ª RAJ São José do Rio Preto,Catanduva,Fórum Catanduva III - (CEJUSC),catanduva
3511409,Cerqueira César,6633,Cerqueira César,3ª RAJ Bauru,Cerqueira César,Fórum Cerqueira César,cerqueira cesar
3511508,Cerquilho,6634,Cerquilho,4ª RAJ Campinas,Cerquilho,Fórum Desembargador Dirceu Rocha Lima,cerquilho
3511607,Cesário Lange,6635,Cesário Lange,10ª RAJ Sorocaba,Cesário Lange,Fórum da Comarca de Cesário Lange,cesario lange
3557204,Chavantes,7147,Chavantes,3ª RAJ Bauru,Chavantes,Fórum Chavantes,chavantes
3557204,Chavantes,7147,Chavantes,3ª RAJ Bauru,Chavantes,Fórum (Segundo Prédio),chavantes
3512001,Colina,6638,Colina,8ª RAJ São José do Rio Preto,Colina,Fórum Colina - Desembargador Alcides Faro,colina
3512209,Conchal,6640,Conchal,4ª RAJ Campinas,Conchal,Fórum I Conchal,conchal
3512209,Conchal,6640,Conchal,4ª RAJ Campinas,Conchal,Fórum II Conchal (CEJUSC),conchal
3512308,Conchas,6641,Conchas,3ª RAJ Bauru,Conchas,Fórum Conchas,conchas
3512308,Conchas,6641,Conchas,3ª RAJ Bauru,Conchas,Fórum Conchas III – (Anexo do Juizado - UAAJ - ANHEMBI),conchas
3512308,Conchas,6641,Conchas,3ª RAJ Bauru,Conchas,Fórum Conchas IV – (Anexo do Juizado - UAAJ - PEREIRAS),conchas
3512407,Cordeirópolis,6642,Cordeirópolis,4ª RAJ Campinas,Cordeirópolis,Fórum Cordeirópolis,cordeiropolis
3512803,Cosmópolis,6646,Cosmópolis,4ª RAJ Campinas,Cosmópolis,Desembargador Rubens Andrade de Noronha,cosmopolis
3513009,Cotia,6648,Cotia,1ª RAJ Grande São Paulo,Cotia,Fórum Cotia I - Theodomiro Dias,cotia
3513009,Cotia,6648,Cotia,1ª RAJ Grande São Paulo,Cotia,Fórum Cotia II - Arquivo,cotia
3513108,Cravinhos,6649,Cravinhos,6ª RAJ Ribeirão Preto,Cravinhos,Fórum I Cravinhos,cravinhos
3513108,Cravinhos,6649,Cravinhos,6ª RAJ Ribeirão Preto,Cravinhos,Fórum II Cravinhos (Residência Oficial),cravinhos
3513405,Cruzeiro,6652,Cruzeiro,9ª RAJ São José dos Campos,Cruzeiro,Fórum I Cruzeiro,cruzeiro
3513405,Cruzeiro,6652,Cruzeiro,9ª RAJ São José dos Campos,Cruzeiro,Fórum I,cruzeiro
3513405,Cruzeiro,6652,Cruzeiro,9ª RAJ São José dos Campos,Cruzeiro,Fórum II Cruzeiro (Residência Oficial),cruzeiro
3513405,Cruzeiro,6652,Cruzeiro,9ª RAJ São José dos Campos,Cruzeiro,Fórum III Cruzeiro (Posto do CEJUSC),cruzeiro
3513504,Cubatão,6653,Cubatão,7ª RAJ Santos,Cubatão,Fórum Cubatão - I,cubatao
3513603,Cunha,6654,Cunha,9ª RAJ São José dos Campos,Cunha,Fórum I Cunha (Desembargador Hildebrando Dantas de Freitas),cunha
3513702,Descalvado,6655,Descalvado,6ª RAJ Ribeirão Preto,Descalvado,FÓRUM DA COMARCA DE DESCALVADO,descalvado
3513801,Diadema,6656,Diadema,1ª RAJ Grande São Paulo,Diadema,Fórum Diadema - Cível,diadema
3513801,Diadema,6656,Diadema,1ª RAJ Grande São Paulo,Diadema,Fórum Diadema - Criminal,diadema
3513801,Diadema,6656,Diadema,1ª RAJ Grande São Paulo,Diadema,Fórum Diadema - Juizado Especial Cível,diadema
3513801,Diadema,6656,Diadema,1ª RAJ Grande São Paulo,Diadema,Fórum Diadema - Fazenda Pública,diadema
3514106,Dois Córregos,6660,Dois Córregos,3ª RAJ Bauru,Dois Córregos,Fórum Dois Córregos,dois corregos
3514106,Dois Córregos,6660,Dois Córregos,3ª RAJ Bauru,Dois Córregos,Fórum Dois Córregos II (Residência Oficial),dois corregos
3514403,Dracena,6663,Dracena,5ª RAJ Presidente Prudente,Dracena,Fórum de Dracena VI (CEJUSC),dracena
3514403,Dracena,6663,Dracena,5ª RAJ Presidente Prudente,Dracena,Fórum Dracena I - (Principal),dracena
3514403,Dracena,6663,Dracena,5ª RAJ Presidente Prudente,Dracena,Fórum Dracena II - Juizado Especial Cível e Criminal,dracena
3514403,Dracena,6663,Dracena,5ª RAJ Presidente Prudente,Dracena,Fórum Dracena V - (CEJUSC - POSTO AVANÇADO - 1ª CIA - PM),dracena
3514502,Duartina,6664,Duartina,3ª RAJ Bauru,Duartina,Fórum da Comarca de Duartina (Prof. Dr. Silvio Marques Junior),duartina
3514809,Eldorado,6667,Eldorado,7ª RAJ Santos,Eldorado,Fórum Eldorado Paulista I,eldorado
3515004,Embu das Artes,6671,Embu das Artes,1ª RAJ Grande São Paulo,Embu das Artes,Fórum Desembargador Gilberto Valente da Silva - Comarca de Embu das Artes,embu das artes
3515103,Embu-Guaçu,6672,Embu-Guaçu,1ª RAJ Grande São Paulo,Embu-Guaçu,Fórum Embu-Guaçu,embu-guacu
3515186,Espírito Santo do Pinhal,6675,Espírito Santo do Pinhal,4ª RAJ Campinas,Espírito Santo do Pinhal,Fórum Espírito Santo do Pinhal I,espirito santo do pinhal
3515186,Espírito Santo do Pinhal,6675,Espírito Santo do Pinhal,4ª RAJ Campinas,Espírito Santo do Pinhal,Fórum Espírito Santo do Pinhal II - Arq.Geral/Cart. Eleitoral/Ass. Social,espirito santo do pinhal
3515186,Espírito Santo do Pinhal,6675,Espírito Santo do Pinhal,4ª RAJ Campinas,Espírito Santo do Pinhal,Fórum Espírito Santo do Pinhal III (CEJUSC),espirito santo do pinhal
3515186,Espírito Santo do Pinhal,6675,Espírito Santo do Pinhal,4ª RAJ Campinas,Espírito Santo do Pinhal,Fórum Espírito Santo do Pinhal IV (Residência Oficial),espirito santo do pinhal
3515202,Estrela d'Oeste,6677,Estrela d'Oeste,8ª RAJ São José do Rio Preto,Estrela dOeste,Fórum Estrela D'Oeste,estrela doeste
3515400,Fartura,6680,Fartura,3ª RAJ Bauru,Fartura,Fórum Desembargador Edmond Acar,fartura
3515509,Fernandópolis,6681,Fernandópolis,8ª RAJ São José do Rio Preto,Fernandópolis,Fórum Fernandópolis I,fernandopolis
3515509,Fernandópolis,6681,Fernandópolis,8ª RAJ São José do Rio Preto,Fernandópolis,Fórum Fernandópolis II - (Setor das Execuções Fiscais),fernandopolis
3515509,Fernandópolis,6681,Fernandópolis,8ª RAJ São José do Rio Preto,Fernandópolis,Fórum Fernandópolis III (CEJUSC),fernandopolis
3515509,Fernandópolis,6681,Fernandópolis,8ª RAJ São José do Rio Preto,Fernandópolis,Fórum Fernandópolis IV (Psicólogos e Assist. Social),fernandopolis
3515509,Fernandópolis,6681,Fernandópolis,8ª RAJ São José do Rio Preto,Fernandópolis,Fórum Fernandópolis V (UNIV. BRASIL (Antiga UNICASTELO) – CAMPUS VII,fernandopolis
3515509,Fernandópolis,6681,Fernandópolis,8ª RAJ São José do Rio Preto,Fernandópolis,Fórum Fernandópolis VI (Anexo do Juizado),fernandopolis
3515707,Ferraz de Vasconcelos,6684,Ferraz de Vasconcelos,1ª RAJ Grande São Paulo,Ferraz de Vasconcelos,"Fórum de Ferraz de Vasconcelos ""Desembargador Ruy Toledo de Assumpção""",ferraz de vasconcelos
3516002,Flórida Paulista,6687,Flórida Paulista,5ª RAJ Presidente Prudente,Flórida Paulista,Fórum Flórida Paulista,florida paulista
3516200,Franca,6689,Franca,6ª RAJ Ribeirão Preto,Franca,Fórum I de Franca,franca
3516200,Franca,6689,Franca,6ª RAJ Ribeirão Preto,Franca,Fórum III de Franca (CEJUSC - Posto),franca
3516200,Franca,6689,Franca,6ª RAJ Ribeirão Preto,Franca,Fórum IV de Franca (Anexo do JEC - UNESP),franca
3516200,Franca,6689,Franca,6ª RAJ Ribeirão Preto,Franca,Fórum V de Franca (CEJUSC - 5ª Cia do 15º BPM-I),franca
3516309,Francisco Morato,6690,Francisco Morato,4ª RAJ Campinas,Francisco Morato,Fórum Francisco Morato I - Vanderlei Aparecido Borges,francisco morato
3516309,Francisco Morato,6690,Francisco Morato,4ª RAJ Campinas,Francisco Morato,Fórum Francisco Morato IV,francisco morato
3516309,Francisco Morato,6690,Francisco Morato,4ª RAJ Campinas,Francisco Morato,Fórum Francisco Morato V - CEJUSC (Defensoria Pública),francisco morato
3516408,Franco da Rocha,6691,Franco da Rocha,4ª RAJ Campinas,Franco da Rocha,Fórum Franco da Rocha,franco da rocha
3516606,Gália,6693,Gália,5ª RAJ Presidente Prudente,Gália,Comarca de Gália,galia
3516705,Garça,6694,Garça,5ª RAJ Presidente Prudente,Garça,Fórum I Garça,garca
3516705,Garça,6694,Garça,5ª RAJ Presidente Prudente,Garça,Fórum II Garça (CEJUSC),garca
3516903,General Salgado,6697,General Salgado,8ª RAJ São José do Rio Preto,General Salgado,Fórum General Salgado (ARGYMIRO ACAYABA DE TOLEDO),general salgado
3517000,Getulina,6698,Getulina,2ª RAJ Araçatuba,Getulina,Fórum Getulina I - (Principal),getulina
3517000,Getulina,6698,Getulina,2ª RAJ Araçatuba,Getulina,Fórum Getulina II - (Unidade Forense),getulina
3517406,Guaíra,6702,Guaíra,8ª RAJ São José do Rio Preto,Guaíra,Fórum da Comarca de Guaíra I,guaira
3517406,Guaíra,6702,Guaíra,8ª RAJ São José do Rio Preto,Guaíra,Fórum Guaíra II,guaira
3517703,Guará,6705,Guará,6ª RAJ Ribeirão Preto,Guará,Fórum Guará - Desembargador Valentim Alves da Silva,guara
3518206,Guararapes,6710,Guararapes,2ª RAJ Araçatuba,Guararapes,Fórum I Guararapes,guararapes
3518305,Guararema,6711,Guararema,1ª RAJ Grande São Paulo,Guararema,Fórum I Guararema - (Dr. Francisco Xavier Moretz Sohm),guararema
3518305,Guararema,6711,Guararema,1ª RAJ Grande São Paulo,Guararema,Fórum II Guararema - (CEJUSC),guararema
3518404,Guaratinguetá,6712,Guaratinguetá,9ª RAJ São José dos Campos,Guaratinguetá,Fórum Guaratinguetá I (Principal),guaratingueta
3518404,Guaratinguetá,6712,Guaratinguetá,9ª RAJ São José dos Campos,Guaratinguetá,Fórum Guaratinguetá IV (CEJUSC),guaratingueta
3518602,Guariba,6714,Guariba,6ª RAJ Ribeirão Preto,Guariba,"Fórum da Comarca de Guariba ""Desembargador Humberto Andrade Junqueira""",guariba
3518602,Guariba,6714,Guariba,6ª RAJ Ribeirão Preto,Guariba,Fórum Guariba II - CEJUSC,guariba
3518701,Guarujá,6715,Guarujá,7ª RAJ Santos,Guarujá,Fórum Guarujá I -  CÍVEL/CRIMINAL,guaruja
3518701,Guarujá,6715,Guarujá,7ª RAJ Santos,Guarujá,Fórum Guarujá II - VARA DA FAZENDA PÚBLICA,guaruja
3518701,Guarujá,6715,Guarujá,7ª RAJ Santos,Guarujá,Fórum Guarujá III - FAMÍLIA - JEC/JECRIM,guaruja
3518701,Guarujá,6715,Guarujá,7ª RAJ Santos,Guarujá,Fórum Guarujá IV - (CEJUSC),guaruja
3518701,Guarujá,6715,Guarujá,7ª RAJ Santos,Guarujá,Fórum Guarujá V,guaruja
3518800,Guarulhos,6716,Guarulhos,1ª RAJ Grande São Paulo,Guarulhos,CEJUSC II – UAAJ UNIGUARULHOS,guarulhos
3518800,Guarulhos,6716,Guarulhos,1ª RAJ Grande São Paulo,Guarulhos,Fórum Guarulhos I - (Fórum Criminal - Dr. Murilo Matos Faria),guarulhos
3518800,Guarulhos,6716,Guarulhos,1ª RAJ Grande São Paulo,Guarulhos,Fórum Guarulhos II - (Fórum Cível - Dr. Flávio Cleto Giovanni Trombetti),guarulhos
3518800,Guarulhos,6716,Guarulhos,1ª RAJ Grande São Paulo,Guarulhos,Fórum Guarulhos III - (CEJUSC I – UAAJ UNIFIG),guarulhos
3519071,Hortolândia,6721,Hortolândia,4ª RAJ Campinas,Hortolândia,FÓRUM DA COMARCA DE HORTOLÂNDIA,hortolandia
3519071,Hortolândia,6721,Hortolândia,4ª RAJ Campinas,Hortolândia,PRÉDIO II - ANEXO,hortolandia
3519105,Iacanga,6722,Iacanga,6ª RAJ Ribeirão Preto,Iacanga,COMARCA DE IACANGA,iacanga
3519105,Iacanga,6722,Iacanga,6ª RAJ Ribeirão Preto,Iacanga,Fórum Iacanga III (CEJUSC),iacanga
3519303,Ibaté,6725,Ibaté,6ª RAJ Ribeirão Preto,Ibaté,Fórum Ibaté,ibate
3519600,Ibitinga,6728,Ibitinga,6ª RAJ Ribeirão Preto,Ibitinga,"Fórum ""Dr. Aderson Perdigão Nogueira""",ibitinga
3519600,Ibitinga,6728,Ibitinga,6ª RAJ Ribeirão Preto,Ibitinga,Fórum Ibitinga II,ibitinga
3519709,Ibiúna,6729,Ibiúna,10ª RAJ Sorocaba,Ibiúna,Fórum Ibiúna I - (Principal),ibiuna
3519709,Ibiúna,6729,Ibiúna,10ª RAJ Sorocaba,Ibiúna,Fórum Ibiúna II - (Juizado Especial Cível e Criminal),ibiuna
3519907,Iepê,6731,Iepê,5ª RAJ Presidente Prudente,Iepê,Fórum Iepê I,iepe
3519907,Iepê,6731,Iepê,5ª RAJ Presidente Prudente,Iepê,Fórum Iepê II (Anexo do JEC - Nantes),iepe
3520103,Igarapava,6733,Igarapava,6ª RAJ Ribeirão Preto,Igarapava,"Fórum ""David Pimentel""",igarapava
3520301,Iguape,6735,Iguape,7ª RAJ Santos,Iguape,Fórum Iguape I,iguape
3520301,Iguape,6735,Iguape,7ª RAJ Santos,Iguape,Fórum Iguape III - (Residência Oficial),iguape
3520301,Iguape,6735,Iguape,7ª RAJ Santos,Iguape,Fórum Iguape IV,iguape
3520301,Iguape,6735,Iguape,7ª RAJ Santos,Iguape,Fórum Iguape IV - (CEJUSC),iguape
3520442,Ilha Solteira,6738,Ilha Solteira,2ª RAJ Araçatuba,Ilha Solteira,Fórum da Comarca de Ilha Solteira,ilha solteira
3520400,Ilhabela,6736,Ilhabela,9ª RAJ São José dos Campos,Ilhabela,Fórum Dr. Manoel Pedro Pimentel,ilhabela
3520509,Indaiatuba,6739,Indaiatuba,10ª RAJ Sorocaba,Indaiatuba,Fórum Indaiatuba I - (Principal),indaiatuba
3520509,Indaiatuba,6739,Indaiatuba,10ª RAJ Sorocaba,Indaiatuba,Fórum Indaiatuba V - (CEJUSC),indaiatuba
3520905,Ipaussu,6743,Ipaussu,3ª RAJ Bauru,Ipaussu,Fórum Ipaussu III (Terreno),ipaussu
3520905,Ipaussu,6743,Ipaussu,3ª RAJ Bauru,Ipaussu,Fórum Ipaussu IV,ipaussu
3521309,Ipuã,6748,Ipuã,6ª RAJ Ribeirão Preto,Ipuã,Fórum Ipuã,ipua
3521309,Ipuã,6748,Ipuã,6ª RAJ Ribeirão Preto,Ipuã,Fórum Ipuâ II - (Juizado Especial),ipua
3521705,Itaberá,6752,Itaberá,10ª RAJ Sorocaba,Itaberá,Fórum I Itaberá,itabera
3521705,Itaberá,6752,Itaberá,10ª RAJ Sorocaba,Itaberá,Fórum II Itaberá (CEJUSC),itabera
3521804,Itaí,6753,Itaí,3ª RAJ Bauru,Itaí,Fórum Itaí,itai
3521903,Itajobi,6754,Itajobi,8ª RAJ São José do Rio Preto,Itajobi,FORO DA COMARCA DE ITAJOBI,itajobi
3522109,Itanhaém,6756,Itanhaém,7ª RAJ Santos,Itanhaém,Fórum Itanhaém - Desembargador Nelson Pinheiro Franco,itanhaem
3522109,Itanhaém,6756,Itanhaém,7ª RAJ Santos,Itanhaém,Fórum Itanhaém III (Residência Oficial),itanhaem
3522208,Itapecerica da Serra,6758,Itapecerica da Serra,1ª RAJ Grande São Paulo,Itapecerica da Serra,Fórum I Itapecerica da Serra,itapecerica da serra
3522307,Itapetininga,6759,Itapetininga,10ª RAJ Sorocaba,Itapetininga,Fórum Itapetininga I - (Desembargador Bernardes Júnior),itapetininga
3522307,Itapetininga,6759,Itapetininga,10ª RAJ Sorocaba,Itapetininga,Fórum Itapetininga II (Criminal) Juiz Paulo Rubens Soares Hungria,itapetininga
3522406,Itapeva,6760,Itapeva,10ª RAJ Sorocaba,Itapeva,Fórum Itapeva I - Desembargador Euclides de Campos,itapeva
3522406,Itapeva,6760,Itapeva,10ª RAJ Sorocaba,Itapeva,Fórum Itapeva II - (Anexo do JEC - UAAJ - FAIT),itapeva
3522505,Itapevi,6761,Itapevi,1ª RAJ Grande São Paulo,Itapevi,Fórum Itapevi,itapevi
3522604,Itapira,6762,Itapira,4ª RAJ Campinas,Itapira,Fórum I Itapira,itapira
3522703,Itápolis,6764,Itápolis,6ª RAJ Ribeirão Preto,Itápolis,Fórum I da Comarca de Itápolis,itapolis
3522802,Itaporanga,6765,Itaporanga,10ª RAJ Sorocaba,Itaporanga,Fórum Itaporanga- DESEMBARGADOR PLÍNIO DE CARVALHO PINTO,itaporanga
3523107,Itaquaquecetuba,6768,Itaquaquecetuba,1ª RAJ Grande São Paulo,Itaquaquecetuba,Fórum II de Itaquaquecetuba (CEJUSC),itaquaquecetuba
3523107,Itaquaquecetuba,6768,Itaquaquecetuba,1ª RAJ Grande São Paulo,Itaquaquecetuba,Fórum I Desembargador Mário Hoeppener Dutra - Itaquaquecetuba,itaquaquecetuba
3523206,Itararé,6769,Itararé,10ª RAJ Sorocaba,Itararé,Fórum Itararé (Dr. Antônio José Luciano Vieira),itarare
3523305,Itariri,6770,Itariri,7ª RAJ Santos,Itariri,Fórum Itariri,itariri
3523404,Itatiba,6771,Itatiba,4ª RAJ Campinas,Itatiba,Fórum da Comarca de Itatiba,itatiba
3523503,Itatinga,6772,Itatinga,3ª RAJ Bauru,Itatinga,CEJUSC - Itatinga,itatinga
3523503,Itatinga,6772,Itatinga,3ª RAJ Bauru,Itatinga,Fórum de Itatinga,itatinga
3523503,Itatinga,6772,Itatinga,3ª RAJ Bauru,Itatinga,Fórum de Itatinga - (Juizado Especial Cível e Criminal),itatinga
3523602,Itirapina,6773,Itirapina,4ª RAJ Campinas,Itirapina,Desembargador Lafayette Salles Júnior,itirapina
3523909,Itu,6776,Itu,10ª RAJ Sorocaba,Itu,Forum Juiz Antonio de Souza Barros,itu
3524006,Itupeva,6777,Itupeva,4ª RAJ Campinas,Itupeva,COMARCA DE ITUPEVA/SP,itupeva
3524105,Ituverava,6778,Ituverava,6ª RAJ Ribeirão Preto,Ituverava,Fórum Ituverava,ituverava
3524303,Jaboticabal,6780,Jaboticabal,6ª RAJ Ribeirão Preto,Jaboticabal,Fórum da Comarca de Jaboticabal “Dr. Joaquim Antônio de Oliveira Neves”,jaboticabal
3524402,Jacareí,6781,Jacareí,9ª RAJ São José dos Campos,Jacareí,Fórum Jacareí I - (Armando Salles de Oliveira),jacarei
3524402,Jacareí,6781,Jacareí,9ª RAJ São José dos Campos,Jacareí,Fórum Jacareí II - (Juizado Especial Cível e Criminal),jacarei
3524402,Jacareí,6781,Jacareí,9ª RAJ São José dos Campos,Jacareí,Fórum Jacareí III - Vara da Fazenda Pública,jacarei
3524600,Jacupiranga,6783,Jacupiranga,7ª RAJ Santos,Jacupiranga,Fórum Jacupiranga I,jacupiranga
3524709,Jaguariúna,6784,Jaguariúna,4ª RAJ Campinas,Jaguariúna,Fórum I Jaguariúna (Prédio Principal),jaguariuna
3524709,Jaguariúna,6784,Jaguariúna,4ª RAJ Campinas,Jaguariúna,Fórum III Jaguariúna (CEJUSC - UniFAJ) - (Sala na Faculdade de Jaguariúna),jaguariuna
3524709,Jaguariúna,6784,Jaguariúna,4ª RAJ Campinas,Jaguariúna,Fórum II Jaguariúna (Prédio Anexo do Juizado),jaguariuna
3524808,Jales,6785,Jales,2ª RAJ Araçatuba,Jales,"FÓRUM ""DR. JOVIANO PACHECO AGUIRRE"" - JALES",jales
3524808,Jales,6785,Jales,2ª RAJ Araçatuba,Jales,FÓRUM JALES - PRÉDIO III (CEJUSC),jales
3524808,Jales,6785,Jales,2ª RAJ Araçatuba,Jales,FÓRUM JALES - PRÉDIO IV (UDAJ - UNIJALES),jales
3524808,Jales,6785,Jales,2ª RAJ Araçatuba,Jales,FÓRUM JALES - PRÉDIO II,jales
3525003,Jandira,6787,Jandira,1ª RAJ Grande São Paulo,Jandira,Fórum de Jandira Des. CID NORBERTO VIEIRA DE SOUZA,jandira
3525102,Jardinópolis,6788,Jardinópolis,6ª RAJ Ribeirão Preto,Jardinópolis,CEJUSC Jardinópolis II,jardinopolis
3525102,Jardinópolis,6788,Jardinópolis,6ª RAJ Ribeirão Preto,Jardinópolis,Fórum Jardinópolis I,jardinopolis
3525201,Jarinu,6789,Jarinu,4ª RAJ Campinas,Jarinu,"Fórum ""Desembargador Antonio Joaquim de Oliveira""",jarinu
3525201,Jarinu,6789,Jarinu,4ª RAJ Campinas,Jarinu,Fórum II de Jarinu (CEJUSC),jarinu
3525300,Jaú,6790,Jaú,3ª RAJ Bauru,Jaú,Fórum Jaú I,jau
3525300,Jaú,6790,Jaú,3ª RAJ Bauru,Jaú,Fórum Jaú I - Antonio Hermógenes Altenfelder Silva,jau
3525300,Jaú,6790,Jaú,3ª RAJ Bauru,Jaú,Fórum Jaú III (Anexo do JEC - FJAU),jau
3525706,José Bonifácio,6794,José Bonifácio,8ª RAJ São José do Rio Preto,José Bonifácio,Fórum José Bonifácio - II (CEJUSC),jose bonifacio
3525706,José Bonifácio,6794,José Bonifácio,8ª RAJ São José do Rio Preto,José Bonifácio,Fórum José Bonifácio I (Principal),jose bonifacio
3525904,Jundiaí,6797,Jundiaí,4ª RAJ Campinas,Jundiaí,Fórum Jundiaí I - (Principal),jundiai
3525904,Jundiaí,6797,Jundiaí,4ª RAJ Campinas,Jundiaí,Fórum Jundiaí III - (Anexo do JEC – FACULD. DIREITO PE. ANCHIETA),jundiai
3526001,Junqueirópolis,6798,Junqueirópolis,5ª RAJ Presidente Prudente,Junqueirópolis,Fórum II Junqueirópolis (CEJUSC),junqueiropolis
3526001,Junqueirópolis,6798,Junqueirópolis,5ª RAJ Presidente Prudente,Junqueirópolis,Fórum Junqueirópolis,junqueiropolis
3526100,Juquiá,6799,Juquiá,7ª RAJ Santos,Juquiá,Fórum Juquiá,juquia
3526407,Laranjal Paulista,6802,Laranjal Paulista,4ª RAJ Campinas,Laranjal Paulista,Fórum Deputado José Costa,laranjal paulista
3526704,Leme,6805,Leme,4ª RAJ Campinas,Leme,Fórum Dr Oscar Ulson,leme
3526704,Leme,6805,Leme,4ª RAJ Campinas,Leme,Fórum II Leme - (Juizado Especial),leme
3526704,Leme,6805,Leme,4ª RAJ Campinas,Leme,Fórum IV Leme - (Anexo do JEC - UNIFIAN),leme
3526803,Lençóis Paulista,6806,Lençóis Paulista,3ª RAJ Bauru,Lençóis Paulista,Fórum Lençóis Paulista I - (Octávio Pinheiro Brizola),lencois paulista
3526803,Lençóis Paulista,6806,Lençóis Paulista,3ª RAJ Bauru,Lençóis Paulista,Setor das Execuções Fiscais da Comarca de Lençóis Paulista,lencois paulista
3526803,Lençóis Paulista,6806,Lençóis Paulista,3ª RAJ Bauru,Lençóis Paulista,Centro Judiciário de Solução de Conflitos e Cidadania da Comarca de Lençóis Pta.,lencois paulista
3526902,Limeira,6807,Limeira,4ª RAJ Campinas,Limeira,FORUM DA COMARCA DE LIMEIRA I (CÍVEL),limeira
3526902,Limeira,6807,Limeira,4ª RAJ Campinas,Limeira,FÓRUM DA COMARCA DE LIMEIRA II (CRIMINAL),limeira
3526902,Limeira,6807,Limeira,4ª RAJ Campinas,Limeira,FÓRUM DA COMARCA DE LIMEIRA III (CEJUSC),limeira
3526902,Limeira,6807,Limeira,4ª RAJ Campinas,Limeira,Posto Iracemápolis - Cejusc de Limeira - Foro de Limeira,limeira
3527108,Lins,6809,Lins,2ª RAJ Araçatuba,Lins,Fórum Lins I,lins
3527108,Lins,6809,Lins,2ª RAJ Araçatuba,Lins,Fórum Lins III - CEJUSC,lins
3527108,Lins,6809,Lins,2ª RAJ Araçatuba,Lins,Fórum Lins IV - CEJUSC (Polícia),lins
3527207,Lorena,6810,Lorena,9ª RAJ São José dos Campos,Lorena,Fórum Lorena,lorena
3527306,Louveira,6812,Louveira,4ª RAJ Campinas,Louveira,Desembargador Lourenço Agostinho Abbá Filho,louveira
3527405,Lucélia,6813,Lucélia,5ª RAJ Presidente Prudente,Lucélia,Fórum Lucélia,lucelia
3528007,Macatuba,6819,Macatuba,3ª RAJ Bauru,Macatuba,Fórum Desembargador José Gonçalves Sobrinho,macatuba
3528106,Macaubal,6820,Macaubal,8ª RAJ São José do Rio Preto,Macaubal,Fórum Macaubal I,macaubal
3528106,Macaubal,6820,Macaubal,8ª RAJ São José do Rio Preto,Macaubal,Fórum Macaubal II - (JECC e Psicossocial),macaubal
3528403,Mairinque,6823,Mairinque,10ª RAJ Sorocaba,Mairinque,Fórum Mairinque,mairinque
3528502,Mairiporã,6824,Mairiporã,1ª RAJ Grande São Paulo,Mairiporã,Fórum Mairiporã,mairipora
3528502,Mairiporã,6824,Mairiporã,1ª RAJ Grande São Paulo,Mairiporã,Mairiporâ III - CEJUSC,mairipora
3528502,Mairiporã,6824,Mairiporã,1ª RAJ Grande São Paulo,Mairiporã,Prédio do Setor das Execuções Fiscais,mairipora
3528809,Maracaí,6827,Maracaí,5ª RAJ Presidente Prudente,Maracaí,Fórum Desembargador Joaquim Bandeira de Mello,maracai
3528809,Maracaí,6827,Maracaí,5ª RAJ Presidente Prudente,Maracaí,Fórum Maracaí II - Juizado Especial Cível e Criminal e CEJUSC,maracai
3528809,Maracaí,6827,Maracaí,5ª RAJ Presidente Prudente,Maracaí,Fórum Maracaí III - Anexo do Ofício  - Seção Criminal,maracai
3529005,Marília,6830,Marília,5ª RAJ Presidente Prudente,Marília,Fórum Marília I,marilia
3529005,Marília,6830,Marília,5ª RAJ Presidente Prudente,Marília,Fórum Marília II (VEC e SAF),marilia
3529005,Marília,6830,Marília,5ª RAJ Presidente Prudente,Marília,Fórum Marília III (Psicosocial),marilia
3529005,Marília,6830,Marília,5ª RAJ Presidente Prudente,Marília,Fórum Marília IV (CEJUSC),marilia
3529203,Martinópolis,6832,Martinópolis,5ª RAJ Presidente Prudente,Martinópolis,Fórum Martinópolis,martinopolis
3529203,Martinópolis,6832,Martinópolis,5ª RAJ Presidente Prudente,Martinópolis,"Juizado Especial Cível, Criminal e da Fazenda Pública",martinopolis
3529302,Matão,6833,Matão,6ª RAJ Ribeirão Preto,Matão,Fórum I Matão,matao
3529401,Mauá,6834,Mauá,1ª RAJ Grande São Paulo,Mauá,Fórum Mauá I - (Principal),maua
3529708,Miguelópolis,6838,Miguelópolis,6ª RAJ Ribeirão Preto,Miguelópolis,Fórum de Miguelópolis,miguelopolis
3529906,Miracatu,6840,Miracatu,7ª RAJ Santos,Miracatu,Fórum Isidoro de Jesus Leite,miracatu
3530102,Mirandópolis,6842,Mirandópolis,2ª RAJ Araçatuba,Mirandópolis,Fórum Mirandópolis,mirandopolis
3530102,Mirandópolis,6842,Mirandópolis,2ª RAJ Araçatuba,Mirandópolis,Fórum Mirandópolis (Arquivo),mirandopolis
3530102,Mirandópolis,6842,Mirandópolis,2ª RAJ Araçatuba,Mirandópolis,Fórum Mirandópolis (Juizado Especial Cível e Criminal),mirandopolis
3530201,Mirante do Paranapanema,6843,Mirante do Paranapanema,5ª RAJ Presidente Prudente,Mirante do Paranapanema,Fórum I Mirante do Paranapanema,mirante do paranapanema
3530300,Mirassol,6844,Mirassol,8ª RAJ São José do Rio Preto,Mirassol,CEJUSC - Mirassol,mirassol
3530300,Mirassol,6844,Mirassol,8ª RAJ São José do Rio Preto,Mirassol,Fórum de Mirassol I,mirassol
3530300,Mirassol,6844,Mirassol,8ª RAJ São José do Rio Preto,Mirassol,Fórum Mirassol - Anexo Fiscal,mirassol
3530508,Mococa,6846,Mococa,6ª RAJ Ribeirão Preto,Mococa,Fórum Mococa - João Gomes Barrreto Filho,mococa
3530706,Mogi Guaçu,6848,Mogi Guaçu,4ª RAJ Campinas,Mogi Guaçu,Fórum Mogi Guaçu I,mogi guacu
3530706,Mogi Guaçu,6848,Mogi Guaçu,4ª RAJ Campinas,Mogi Guaçu,Fórum Mogi Guaçu II - (Anexo Fiscal e Juizado Especial),mogi guacu
3530607,Mogi das Cruzes,6847,Mogi das Cruzes,1ª RAJ Grande São Paulo,Mogi das Cruzes,"Fórum I Leôncio Arouche de Toledo (Cível, V. Infância e Juventude, JEC e JECRIM)",mogi das cruzes
3530607,Mogi das Cruzes,6847,Mogi das Cruzes,1ª RAJ Grande São Paulo,Mogi das Cruzes,Fórum II de Mogi das Cruzes - Braz Cubas (Criminal),mogi das cruzes
3530607,Mogi das Cruzes,6847,Mogi das Cruzes,1ª RAJ Grande São Paulo,Mogi das Cruzes,Forum III de Mogi das Cruzes (Fazenda Pública),mogi das cruzes
3530607,Mogi das Cruzes,6847,Mogi das Cruzes,1ª RAJ Grande São Paulo,Mogi das Cruzes,Fórum IV Mogi das Cruzes (CEJUSC - UMC),mogi das cruzes
3530607,Mogi das Cruzes,6847,Mogi das Cruzes,1ª RAJ Grande São Paulo,Mogi das Cruzes,Fórum V Mogi das Cruzes (Juizado Itinerante - Biritiba Mirim),mogi das cruzes
3530607,Mogi das Cruzes,6847,Mogi das Cruzes,1ª RAJ Grande São Paulo,Mogi das Cruzes,Fórum VI Mogi das Cruzes (Universidade Braz Cubas),mogi das cruzes
3530805,Mogi Mirim,6849,Mogi Mirim,4ª RAJ Campinas,Mogi Mirim,Fórum Mogi Mirim I (Principal),mogi mirim
3530805,Mogi Mirim,6849,Mogi Mirim,4ª RAJ Campinas,Mogi Mirim,Fórum Mogi Mirim II - SEF (Secr. da Fazenda),mogi mirim
3530805,Mogi Mirim,6849,Mogi Mirim,4ª RAJ Campinas,Mogi Mirim,"Fórum Mogi Mirim III - CEJUSC, JUIZADO ESP.CÍVEL E CRIMINALE COLÉGIO RECURSAL",mogi mirim
3531100,Mongaguá,6852,Mongaguá,7ª RAJ Santos,Mongaguá,"Fórum ""Juiz Eleutério Dutra Filho"" - Mongaguá",mongagua
3531308,Monte Alto,6854,Monte Alto,6ª RAJ Ribeirão Preto,Monte Alto,Fórum Monte Alto I,monte alto
3531308,Monte Alto,6854,Monte Alto,6ª RAJ Ribeirão Preto,Monte Alto,Fórum Monte Alto II da 1ª Vara,monte alto
3531308,Monte Alto,6854,Monte Alto,6ª RAJ Ribeirão Preto,Monte Alto,Fórum Monte Alto III - Juizado Especial Cível,monte alto
3531308,Monte Alto,6854,Monte Alto,6ª RAJ Ribeirão Preto,Monte Alto,Fórum Monte Alto IV (CEJUSC),monte alto
3531407,Monte Aprazível,6855,Monte Aprazível,8ª RAJ São José do Rio Preto,Monte Aprazível,Fórum Monte Aprazível,monte aprazivel
3531407,Monte Aprazível,6855,Monte Aprazível,8ª RAJ São José do Rio Preto,Monte Aprazível,Fórum Monte Aprazível (Juizado Especial Cível e Criminal),monte aprazivel
3531506,Monte Azul Paulista,6856,Monte Azul Paulista,8ª RAJ São José do Rio Preto,Monte Azul Paulista,Fórum II Monte Azul Paulista (Residência Oficial),monte azul paulista
3531506,Monte Azul Paulista,6856,Monte Azul Paulista,8ª RAJ São José do Rio Preto,Monte Azul Paulista,Fórum Desembargador Otávio Stucchi - Monte Azul Paulista -,monte azul paulista
3531803,Monte Mor,6859,Monte Mor,4ª RAJ Campinas,Monte Mor,Fórum Desembargador Antonio Garrigós Vinhaes,monte mor
3531902,Morro Agudo,6860,Morro Agudo,6ª RAJ Ribeirão Preto,Morro Agudo,Fórum Mário Masagão,morro agudo
3532405,Nazaré Paulista,6867,Nazaré Paulista,4ª RAJ Campinas,Nazaré Paulista,FÓRUM DESEMBARGADOR SEBASTIÃO DA SILVA PINTO,nazare paulista
3532504,Neves Paulista,6868,Neves Paulista,8ª RAJ São José do Rio Preto,Neves Paulista,Fórum de Neves Paulista,neves paulista
3532603,Nhandeara,6869,Nhandeara,8ª RAJ São José do Rio Preto,Nhandeara,Fórum Nhandeara,nhandeara
3532603,Nhandeara,6869,Nhandeara,8ª RAJ São José do Rio Preto,Nhandeara,Fórum Nhandeara II - (Juizado Especial Cível e Criminal),nhandeara
3532603,Nhandeara,6869,Nhandeara,8ª RAJ São José do Rio Preto,Nhandeara,Fórum Nhandeara III (Anexo Escola Joaquim Fernandes de Melo),nhandeara
3533007,Nova Granada,6876,Nova Granada,8ª RAJ São José do Rio Preto,Nova Granada,Fórum Nova Granada I - Principal,nova granada
3533007,Nova Granada,6876,Nova Granada,8ª RAJ São José do Rio Preto,Nova Granada,Fórum Nova Granada II (CEJUSC),nova granada
3533403,Nova Odessa,6881,Nova Odessa,4ª RAJ Campinas,Nova Odessa,"FORUM ""DR WALDOMIRO DELFINO DE AMORIM LIMA""",nova odessa
3533502,Novo Horizonte,6882,Novo Horizonte,8ª RAJ São José do Rio Preto,Novo Horizonte,Fórum I Novo Horizonte,novo horizonte
3533502,Novo Horizonte,6882,Novo Horizonte,8ª RAJ São José do Rio Preto,Novo Horizonte,Fórum II Novo Horizonte (CEJUSC),novo horizonte
3533502,Novo Horizonte,6882,Novo Horizonte,8ª RAJ São José do Rio Preto,Novo Horizonte,Fórum III Novo Horizonte (Juizado Especial Cível e Criminal),novo horizonte
3533601,Nuporanga,6883,Nuporanga,6ª RAJ Ribeirão Preto,Nuporanga,Fórum Nuporanga - (Des. Antonio Rodrigues Porto),nuporanga
3533908,Olímpia,6886,Olímpia,8ª RAJ São José do Rio Preto,Olímpia,Fórum Olímpia I - (Principal),olimpia
3533908,Olímpia,6886,Olímpia,8ª RAJ São José do Rio Preto,Olímpia,Fórum Olímpia II (3ª Vara Cível),olimpia
3533908,Olímpia,6886,Olímpia,8ª RAJ São José do Rio Preto,Olímpia,Fórum Olímpia III - (Vara do Juizado Especial Cível e Criminal),olimpia
3533908,Olímpia,6886,Olímpia,8ª RAJ São José do Rio Preto,Olímpia,Fórum Olímpia IV - (Setor das Execuções Fiscais),olimpia
3533908,Olímpia,6886,Olímpia,8ª RAJ São José do Rio Preto,Olímpia,Fórum Olímpia V - (CEJUSC),olimpia
3533908,Olímpia,6886,Olímpia,8ª RAJ São José do Rio Preto,Olímpia,Fórum Olímpia VI - (Anexo do JEC - UAAJ - CAJOBI),olimpia
3534302,Orlândia,6890,Orlândia,6ª RAJ Ribeirão Preto,Orlândia,"Fórum "" Antonio de Quadros""",orlandia
3534401,Osasco,6891,Osasco,1ª RAJ Grande São Paulo,Osasco,Fórum Osasco ( Principal),osasco
3534401,Osasco,6891,Osasco,1ª RAJ Grande São Paulo,Osasco,Fórum Osasco (CEJUSC),osasco
3534401,Osasco,6891,Osasco,1ª RAJ Grande São Paulo,Osasco,Fórum Osasco (Varas da Fazenda Pública),osasco
3534401,Osasco,6891,Osasco,1ª RAJ Grande São Paulo,Osasco,Fórum Osasco II - (Varas da Família e das Sucessões),osasco
3534609,Osvaldo Cruz,6893,Osvaldo Cruz,5ª RAJ Presidente Prudente,Osvaldo Cruz,"Fórum ""Desembargador Márcio Munhoz""",osvaldo cruz
3534609,Osvaldo Cruz,6893,Osvaldo Cruz,5ª RAJ Presidente Prudente,Osvaldo Cruz,Fórum Osvaldo Cruz II - CEJUSC,osvaldo cruz
3534708,Ourinhos,6894,Ourinhos,3ª RAJ Bauru,Ourinhos,Fórum I Ourinhos,ourinhos
3534757,Ouroeste,6895,Ouroeste,8ª RAJ São José do Rio Preto,Ouroeste,FORO DA COMARCA DE OUROESTE,ouroeste
3534757,Ouroeste,6895,Ouroeste,8ª RAJ São José do Rio Preto,Ouroeste,Fórum ca Comarca de Ouroeste II (CEJUSC),ouroeste
3534757,Ouroeste,6895,Ouroeste,8ª RAJ São José do Rio Preto,Ouroeste,Fórum da Comarca de Ouroeste III (Anexo do JEC - UAAJ - INDIAPORÃ),ouroeste
3534906,Pacaembu,6897,Pacaembu,5ª RAJ Presidente Prudente,Pacaembu,Fórum Pacaembu,pacaembu
3535002,Palestina,6898,Palestina,8ª RAJ São José do Rio Preto,Palestina,"""Fórum: José Eduardo Coelho de Paula""",palestina
3535200,Palmeira d'Oeste,6900,Palmeira d'Oeste,2ª RAJ Araçatuba,Palmeira d'Oeste,Fórum da Comarca de Palmeira d’Oeste,palmeira doeste
3535309,Palmital,6901,Palmital,5ª RAJ Presidente Prudente,Palmital,Fórum Dr. Ethayba Gilson Parahiba,palmital
3535408,Panorama,6902,Panorama,5ª RAJ Presidente Prudente,Panorama,Fórum I Panorama,panorama
3535507,Paraguaçu Paulista,6903,Paraguaçu Paulista,5ª RAJ Presidente Prudente,Paraguaçu Paulista,Fórum Paraguaçu Paulista,paraguacu paulista
3535606,Paraibuna,6904,Paraibuna,9ª RAJ São José dos Campos,Paraibuna,Fórum Paraibuna - (Dr Getúlio Evaristo dos Santos),paraibuna
3535804,Paranapanema,6906,Paranapanema,3ª RAJ Bauru,Paranapanema,Fórum da Comarca de Paranapanema,paranapanema
3535804,Paranapanema,6906,Paranapanema,3ª RAJ Bauru,Paranapanema,Juizado Especial Cível e Criminal do Foro de Paranapanema,paranapanema
3535804,Paranapanema,6906,Paranapanema,3ª RAJ Bauru,Paranapanema,Fórum Paranapanema III - (Seção de Execução Fiscal),paranapanema
3536208,Pariquera-Açu,6910,Pariquera-Açu,7ª RAJ Santos,Pariquera-Açu,Comarca de Pariquera-Açu,pariquera-acu
3536307,Patrocínio Paulista,6912,Patrocínio Paulista,6ª RAJ Ribeirão Preto,Patrocínio Paulista,Fórum I Patrocínio Paulista,patrocinio paulista
3536307,Patrocínio Paulista,6912,Patrocínio Paulista,6ª RAJ Ribeirão Preto,Patrocínio Paulista,Fórum II Patrocínio Paulista,patrocinio paulista
3536505,Paulínia,6914,Paulínia,4ª RAJ Campinas,Paulínia,FORO DA COMARCA DE PAULÍNIA,paulinia
3536505,Paulínia,6914,Paulínia,4ª RAJ Campinas,Paulínia,Fórum II Paulínia (CEJUSC),paulinia
3536604,Paulo de Faria,6916,Paulo de Faria,8ª RAJ São José do Rio Preto,Paulo de Faria,"Fórum ""PROMOTOR GABRIEL NETTUZZI PEREZ""",paulo de faria
3536604,Paulo de Faria,6916,Paulo de Faria,8ª RAJ São José do Rio Preto,Paulo de Faria,Fórum II da Comarca de Paulo de Faria (CEJUSC/JECC),paulo de faria
3536703,Pederneiras,6917,Pederneiras,3ª RAJ Bauru,Pederneiras,Fórum Pederneiras I,pederneiras
3536703,Pederneiras,6917,Pederneiras,3ª RAJ Bauru,Pederneiras,Fórum Pederneiras II (CEJUSC),pederneiras
3536703,Pederneiras,6917,Pederneiras,3ª RAJ Bauru,Pederneiras,Fórum Pederneiras III (Arquivo Geral de Móveis),pederneiras
3537008,Pedregulho,6920,Pedregulho,6ª RAJ Ribeirão Preto,Pedregulho,FÓRUM DESEMBARGADOR DÍNIO DE SANTIS GARCIA,pedregulho
3537107,Pedreira,6921,Pedreira,4ª RAJ Campinas,Pedreira,Fórum Pedreira -Dr. Artur Moreira de Almeida,pedreira
3537305,Penápolis,6924,Penápolis,2ª RAJ Araçatuba,Penápolis,Fórum Penápolis I -,penapolis
3537305,Penápolis,6924,Penápolis,2ª RAJ Araçatuba,Penápolis,Fórum Penápolis II - (Juizado Especial),penapolis
3537404,Pereira Barreto,6925,Pereira Barreto,2ª RAJ Araçatuba,Pereira Barreto,Fórum I Pereira Barreto,pereira barreto
3537602,Peruíbe,6927,Peruíbe,7ª RAJ Santos,Peruíbe,Forum II  Peruíbe (Anexo de Violência Doméstica e Familiar contra a Mulher),peruibe
3537602,Peruíbe,6927,Peruíbe,7ª RAJ Santos,Peruíbe,Fórum Peruíbe,peruibe
3537800,Piedade,6929,Piedade,10ª RAJ Sorocaba,Piedade,FÓRUM DESEMBARGADOR OSWALDO PINTO DO AMARAL,piedade
3537800,Piedade,6929,Piedade,10ª RAJ Sorocaba,Piedade,Fórum Piedade II - Juizado Especial Cível,piedade
3537800,Piedade,6929,Piedade,10ª RAJ Sorocaba,Piedade,Fórum Piedade III (CEJUSC),piedade
3537909,Pilar do Sul,6930,Pilar do Sul,10ª RAJ Sorocaba,Pilar do Sul,Fórum Desembargador Renato Carlos Mascarenhas (Prédio II),pilar do sul
3537909,Pilar do Sul,6930,Pilar do Sul,10ª RAJ Sorocaba,Pilar do Sul,Fórum Desembargador Renato Carlos Mascarenhas (Prédio Principal),pilar do sul
3538006,Pindamonhangaba,6931,Pindamonhangaba,9ª RAJ São José dos Campos,Pindamonhangaba,Fórum Juiz José Roberto Paim,pindamonhangaba
3538204,Pinhalzinho,6933,Pinhalzinho,4ª RAJ Campinas,Pinhalzinho,Fórum Pinhalzinho,pinhalzinho
3538501,Piquete,6935,Piquete,9ª RAJ São José dos Campos,Piquete,FORO DA COMARCA DE PIQUETE,piquete
3538600,Piracaia,6936,Piracaia,4ª RAJ Campinas,Piracaia,Fórum Desembargador Joaquim Barbosa de Almeida,piracaia
3538709,Piracicaba,6937,Piracicaba,4ª RAJ Campinas,Piracicaba,Fórum Piracicaba I - (Principal),piracicaba
3538808,Piraju,6938,Piraju,3ª RAJ Bauru,Piraju,Fórum Dr. Simão Eugênio de Oliveira Lima,piraju
3538808,Piraju,6938,Piraju,3ª RAJ Bauru,Piraju,JUIZADO ESPECIAL CÍVEL E CRIMINAL DE PIRAJU,piraju
3538907,Pirajuí,6939,Pirajuí,3ª RAJ Bauru,Pirajuí,Fórum Pirajuí  (Alexandre Delphino Amorim Lima),pirajui
3539004,Pirangi,6940,Pirangi,6ª RAJ Ribeirão Preto,Pirangi,Fórum de Pirangi,pirangi
3539202,Pirapozinho,6942,Pirapozinho,5ª RAJ Presidente Prudente,Pirapozinho,Dr. Antonio José Machado Dias,pirapozinho
3539301,Pirassununga,6943,Pirassununga,4ª RAJ Campinas,Pirassununga,Fórum Pirassununga I - (Principal),pirassununga
3539301,Pirassununga,6943,Pirassununga,4ª RAJ Campinas,Pirassununga,Fórum Pirassununga II - (Juizado Especial Cível e Criminal),pirassununga
3539301,Pirassununga,6943,Pirassununga,4ª RAJ Campinas,Pirassununga,Fórum Pirassununga III - (SETOR TÉCNICO),pirassununga
3539400,Piratininga,6944,Piratininga,3ª RAJ Bauru,Piratininga,Fórum Piratininga - (Arthur César da Silva Whitaker),piratininga
3539509,Pitangueiras,6945,Pitangueiras,6ª RAJ Ribeirão Preto,Pitangueiras,Fórum da Comarca de  Pitangueiras,pitangueiras
3539806,Poá,6948,Poá,1ª RAJ Grande São Paulo,Poá,Fórum Poá III (CEJUSC),poa
3539806,Poá,6948,Poá,1ª RAJ Grande São Paulo,Poá,Fórum da Comarca de Poá,poa
3539806,Poá,6948,Poá,1ª RAJ Grande São Paulo,Poá,Serviço Anexo das Fazendas da Comarca de Poá e Central de Mandados,poa
3540002,Pompéia,6950,Pompéia,5ª RAJ Presidente Prudente,Pompéia,Fórum Dr. Antonio da Rocha Paes,pompeia
3540002,Pompéia,6950,Pompéia,5ª RAJ Presidente Prudente,Pompéia,Fórum Pompéia II (Residência Oficial),pompeia
3540200,Pontal,6952,Pontal,6ª RAJ Ribeirão Preto,Pontal,"""JUIZ MANUEL CARLOS DE FIGUEIREDO FERRAZ FILHO""",pontal
3540507,Porangaba,6956,Porangaba,10ª RAJ Sorocaba,Porangaba,Fórum Porangaba I,porangaba
3540507,Porangaba,6956,Porangaba,10ª RAJ Sorocaba,Porangaba,Fórum Porangaba II (Anexo do JEC - UAAJ - BOFETE),porangaba
3540507,Porangaba,6956,Porangaba,10ª RAJ Sorocaba,Porangaba,Fórum Porangaba III (Anexo do JEC - UAAJ - GUAREÍ),porangaba
3540606,Porto Feliz,6957,Porto Feliz,10ª RAJ Sorocaba,Porto Feliz,Fórum Porto Feliz,porto feliz
3540705,Porto Ferreira,6958,Porto Ferreira,4ª RAJ Campinas,Porto Ferreira,Fórum Dr. Luiz Guilherme Wertheimer,porto ferreira
3540705,Porto Ferreira,6958,Porto Ferreira,4ª RAJ Campinas,Porto Ferreira,Fórum Porto Ferreira II - (Execuções Fiscais),porto ferreira
3540804,Potirendaba,6960,Potirendaba,8ª RAJ São José do Rio Preto,Potirendaba,Fórum Potirendaba,potirendaba
3541000,Praia Grande,6963,Praia Grande,7ª RAJ Santos,Praia Grande,Fórum Praia Grande - (Dr. Guilherme Penteado Campos,praia grande
3541208,Presidente Bernardes,6966,Presidente Bernardes,5ª RAJ Presidente Prudente,Presidente Bernardes,Fórum Ministro Pedro Lessa,presidente bernardes
3541208,Presidente Bernardes,6966,Presidente Bernardes,5ª RAJ Presidente Prudente,Presidente Bernardes,Fórum Presidente Bernardes (CEJUSC),presidente bernardes
3541307,Presidente Epitácio,6967,Presidente Epitácio,5ª RAJ Presidente Prudente,Presidente Epitácio,Fórum Presidente Epitácio,presidente epitacio
3541307,Presidente Epitácio,6967,Presidente Epitácio,5ª RAJ Presidente Prudente,Presidente Epitácio,Fórum Presidente Epitácio II (CEJUSC),presidente epitacio
3541406,Presidente Prudente,6968,Presidente Prudente,5ª RAJ Presidente Prudente,Presidente Prudente,Fórum Presidente Prudente - Francisco de Souza Nogueira,presidente prudente
3541406,Presidente Prudente,6968,Presidente Prudente,5ª RAJ Presidente Prudente,Presidente Prudente,Fórum Presidente Prudente II (CEJUSC),presidente prudente
3541505,Presidente Venceslau,6969,Presidente Venceslau,5ª RAJ Presidente Prudente,Presidente Venceslau,Fórum Presidente Venceslau - J.P.C. Cardoso,presidente venceslau
3541604,Promissão,6970,Promissão,2ª RAJ Araçatuba,Promissão,Fórum I de Promissão,promissao
3541604,Promissão,6970,Promissão,2ª RAJ Araçatuba,Promissão,Fórum III de Promissão,promissao
3541604,Promissão,6970,Promissão,2ª RAJ Araçatuba,Promissão,Fórum II de Promissão (Juizado Especial Cível e Criminal),promissao
3541703,Quatá,6972,Quatá,5ª RAJ Presidente Prudente,Quatá,Fórum I da Comarca de Quatá,quata
3541703,Quatá,6972,Quatá,5ª RAJ Presidente Prudente,Quatá,Fórum II da Comarca de Quatá (Cartório Eleitorial),quata
3541901,Queluz,6974,Queluz,9ª RAJ São José dos Campos,Queluz,Fórum Desembargador Ferreira França,queluz
3541901,Queluz,6974,Queluz,9ª RAJ São José dos Campos,Queluz,Fórum II Queluz (Arquivo),queluz
3542206,Rancharia,6977,Rancharia,5ª RAJ Presidente Prudente,Rancharia,Forum de Rancharia II - JEC e Criminal da Comarca de Rancharia,rancharia
3542206,Rancharia,6977,Rancharia,5ª RAJ Presidente Prudente,Rancharia,Fórum Rancharia I (Desembargador Volney Correa Leite de Moraes Júnior),rancharia
3542404,Regente Feijó,6979,Regente Feijó,5ª RAJ Presidente Prudente,Regente Feijó,Fórum da Comarca de Regente Feijó I,regente feijo
3542602,Registro,6981,Registro,7ª RAJ Santos,Registro,Fórum de Registro I (Dr. Cyro Camargo da Fonseca),registro
3542602,Registro,6981,Registro,7ª RAJ Santos,Registro,Fórum de Registro II (SAF e Setor Técnico),registro
3542909,Ribeirão Bonito,6984,Ribeirão Bonito,6ª RAJ Ribeirão Preto,Ribeirão Bonito,Fórum I Ribeirão Bonito,ribeirao bonito
3543303,Ribeirão Pires,6990,Ribeirão Pires,1ª RAJ Grande São Paulo,Ribeirão Pires,Fórum Ribeirão Pires I,ribeirao pires
3543303,Ribeirão Pires,6990,Ribeirão Pires,1ª RAJ Grande São Paulo,Ribeirão Pires,Fórum Ribeirão Pires II - (Serviço Anexo das Fazendas),ribeirao pires
3543303,Ribeirão Pires,6990,Ribeirão Pires,1ª RAJ Grande São Paulo,Ribeirão Pires,Fórum Ribeirão Pires III (CEJUSC),ribeirao pires
3543402,Ribeirão Preto,6991,Ribeirão Preto,6ª RAJ Ribeirão Preto,Ribeirão Preto,Fórum Ribeirão Preto III - (CEJUSC),ribeirao preto
3543402,Ribeirão Preto,6991,Ribeirão Preto,6ª RAJ Ribeirão Preto,Ribeirão Preto,Tribunal de Justiça da Comarca de Ribeirão Preto - Prédio I,ribeirao preto
3543907,Rio Claro,6996,Rio Claro,4ª RAJ Campinas,Rio Claro,Fórum Rio Claro I - (Central) - Desembargador Paulo Colombo Pereira de Queiroz,rio claro
3543907,Rio Claro,6996,Rio Claro,4ª RAJ Campinas,Rio Claro,Fórum Rio Claro V - (Estacionamento),rio claro
3543907,Rio Claro,6996,Rio Claro,4ª RAJ Campinas,Rio Claro,Fórum Rio Claro VII - (Criminal) - Doutor Luiz Gonzaga de Arruda Campos,rio claro
3544004,Rio das Pedras,6997,Rio das Pedras,4ª RAJ Campinas,Rio das Pedras,Fórum de Rio das Pedras,rio das pedras
3544004,Rio das Pedras,6997,Rio das Pedras,4ª RAJ Campinas,Rio das Pedras,Fórum de Rio das Pedras (Juizado Especial Cível e Criminal),rio das pedras
3544103,Rio Grande da Serra,6998,Rio Grande da Serra,1ª RAJ Grande São Paulo,Rio Grande da Serra,Fórum Rio Grande da Serra,rio grande da serra
3544251,Rosana,7000,Rosana,5ª RAJ Presidente Prudente,Rosana,Fórum Rosana,rosana
3544301,Roseira,7001,Roseira,9ª RAJ São José dos Campos,Roseira,JUIZ ALBERTO GENTIL DE ALMEIDA PEDROSO FILHO,roseira
3545001,Salesópolis,7008,Salesópolis,9ª RAJ São José dos Campos,Salesópolis,Fórum Salesópolis (Juiz Messias José de Melo Souza),salesopolis
3545209,Salto,7011,Salto,10ª RAJ Sorocaba,Salto,Fórum Salto I (Principal),salto
3545209,Salto,7011,Salto,10ª RAJ Sorocaba,Salto,"Fórum Salto II (Juizado Especial, Setor de Execuções Fiscais e Setor Técnico)",salto
3545209,Salto,7011,Salto,10ª RAJ Sorocaba,Salto,Fórum Salto III (Central de Mandados e Cejusc),salto
3545308,Salto de Pirapora,7012,Salto de Pirapora,10ª RAJ Sorocaba,Salto de Pirapora,Fórum Desembargador Bento Mascarenhas Filho,salto de pirapora
3545605,Santa Adélia,7015,Santa Adélia,8ª RAJ São José do Rio Preto,Santa Adélia,Fórum de Santa Adélia I,santa adelia
3545605,Santa Adélia,7015,Santa Adélia,8ª RAJ São José do Rio Preto,Santa Adélia,Fórum de Santa Adélia II (JEC/Jecrim/Arquivo/Cejusc),santa adelia
3545803,Santa Bárbara d'Oeste,7017,Santa Bárbara d'Oeste,4ª RAJ Campinas,Santa Bárbara d'Oeste,ANEXO FISCAL - Fórum Santa Bárbara d´Oeste,santa barbara doeste
3545803,Santa Bárbara d'Oeste,7017,Santa Bárbara d'Oeste,4ª RAJ Campinas,Santa Bárbara d'Oeste,Desembargador Adérito Pereira da Silva,santa barbara doeste
3546009,Santa Branca,7018,Santa Branca,9ª RAJ São José dos Campos,Santa Branca,Fórum Desembargador Roberto Maldonado Loureiro,santa branca
3546306,Santa Cruz das Palmeiras,7022,Santa Cruz das Palmeiras,6ª RAJ Ribeirão Preto,Santa Cruz das Palmeiras,Fórum Santa Cruz das Palmeiras I,santa cruz das palmeiras
3546306,Santa Cruz das Palmeiras,7022,Santa Cruz das Palmeiras,6ª RAJ Ribeirão Preto,Santa Cruz das Palmeiras,Fórum Santa Cruz das Palmeiras II (CEJUSC),santa cruz das palmeiras
3546405,Santa Cruz do Rio Pardo,7023,Santa Cruz do Rio Pardo,3ª RAJ Bauru,Santa Cruz do Rio Pardo,Fórum Doutor Augusto José da Costa,santa cruz do rio pardo
3546405,Santa Cruz do Rio Pardo,7023,Santa Cruz do Rio Pardo,3ª RAJ Bauru,Santa Cruz do Rio Pardo,Fórum Santa Cruz do Rio Pardo (Juizado Especial Cível),santa cruz do rio pardo
3546603,Santa Fé do Sul,7025,Santa Fé do Sul,2ª RAJ Araçatuba,Santa Fé do Sul,Fórum Santa Fé do Sul I,santa fe do sul
3546603,Santa Fé do Sul,7025,Santa Fé do Sul,2ª RAJ Araçatuba,Santa Fé do Sul,"Fórum Santa Fé do Sul II - (CEJUSC, JEC e Unidade Avançada)",santa fe do sul
3546603,Santa Fé do Sul,7025,Santa Fé do Sul,2ª RAJ Araçatuba,Santa Fé do Sul,Fórum Santa Fé do Sul IV - (Unid. Dig. Atend. Jud. - Três Fronteiras),santa fe do sul
3546801,Santa Isabel,7027,Santa Isabel,1ª RAJ Grande São Paulo,Santa Isabel,Fórum  Santa Isabel I,santa isabel
3546801,Santa Isabel,7027,Santa Isabel,1ª RAJ Grande São Paulo,Santa Isabel,Fórum Santa Isabel II - (Juizado Especial e SADM),santa isabel
3547502,Santa Rita do Passa Quatro,7034,Santa Rita do Passa Quatro,4ª RAJ Campinas,Santa Rita do Passa Quatro,Fórum Prof. Antonio Calixto Leal,santa rita do passa quatro
3547601,Santa Rosa de Viterbo,7035,Santa Rosa de Viterbo,6ª RAJ Ribeirão Preto,Santa Rosa de Viterbo,Fórum Santa Rosa de Viterbo,santa rosa do viterbo
3547304,Santana de Parnaíba,7032,Santana de Parnaíba,1ª RAJ Grande São Paulo,Santana de Parnaíba,Fórum de Santana de Parnaíba I,santana de parnaiba
3547700,Santo Anastácio,7037,Santo Anastácio,5ª RAJ Presidente Prudente,Santo Anastácio,Fórum I Santo Anastácio,santo anastacio
3547809,Santo André,7038,Santo André,1ª RAJ Grande São Paulo,Santo André,Fórum Santo André I,santo andre
3548500,Santos,7046,Santos,7ª RAJ Santos,Santos,Fórum Santos I,santos
3548500,Santos,7046,Santos,7ª RAJ Santos,Santos,Fórum Santos II (Cível),santos
3548500,Santos,7046,Santos,7ª RAJ Santos,Santos,Fórum Santos VI - (Anexo do Juizado - UNISANTOS),santos
3548500,Santos,7046,Santos,7ª RAJ Santos,Santos,Fórum Santos VII - (Anexo do Juizado - UNISANTA),santos
3548609,São Bento do Sapucaí,7047,São Bento do Sapucaí,9ª RAJ São José dos Campos,São Bento do Sapucaí,Fórum Juiz Francisco Chiaradia Netto - São Bento do Sapucaí,sao bento do sapucai
3548708,São Bernardo do Campo,7048,São Bernardo do Campo,1ª RAJ Grande São Paulo,São Bernardo do Campo,Fórum Ministro Nelson Hungria I,sao bernardo do campo
3548807,São Caetano do Sul,7049,São Caetano do Sul,1ª RAJ Grande São Paulo,São Caetano do Sul,Fórum São Caetano do Sul I,sao caetano do sul
3548807,São Caetano do Sul,7049,São Caetano do Sul,1ª RAJ Grande São Paulo,São Caetano do Sul,Fórum São Caetano do Sul II - (CEJUSC),sao caetano do sul
3548906,São Carlos,7050,São Carlos,6ª RAJ Ribeirão Preto,São Carlos,Fórum São Carlos I - (Criminal),sao carlos
3548906,São Carlos,7050,São Carlos,6ª RAJ Ribeirão Preto,São Carlos,Fórum São Carlos II - (Civel),sao carlos
3549102,São João da Boa Vista,7052,São João da Boa Vista,4ª RAJ Campinas,São João da Boa Vista,Cartório Anexo do Juizado Especial Cível - UNIFEOB.,sao joao da boa vista
3549102,São João da Boa Vista,7052,São João da Boa Vista,4ª RAJ Campinas,São João da Boa Vista,Fórum I Dr. Plínio Barreto,sao joao da boa vista
3549409,São Joaquim da Barra,7056,São Joaquim da Barra,6ª RAJ Ribeirão Preto,São Joaquim da Barra,Fórum São Joaquim da Barra I,sao joaquim da barra
3549706,São José do Rio Pardo,7059,São José do Rio Pardo,6ª RAJ Ribeirão Preto,São José do Rio Pardo,Fórum Jovino de Syllos - São José do Rio Pardo -,sao jose do rio pardo
3549805,São José do Rio Preto,7060,São José do Rio Preto,8ª RAJ São José do Rio Preto,São José do Rio Preto,Fórum São José do Rio Preto I - (Central),sao jose do rio preto
3549805,São José do Rio Preto,7060,São José do Rio Preto,8ª RAJ São José do Rio Preto,São José do Rio Preto,"Fórum São José do Rio Preto II - (Cível, Fazenda e DARAJ 8)",sao jose do rio preto
3549805,São José do Rio Preto,7060,São José do Rio Preto,8ª RAJ São José do Rio Preto,São José do Rio Preto,"Fórum São José do Rio Preto III - (Família, JEC e Infância)",sao jose do rio preto
3549904,São José dos Campos,7061,São José dos Campos,9ª RAJ São José dos Campos,São José dos Campos,Fórum São José dos Campos I (Principal),sao jose dos campos
3549904,São José dos Campos,7061,São José dos Campos,9ª RAJ São José dos Campos,São José dos Campos,Fórum São José dos Campos II - (CEJUSC e Execuções Fiscais),sao jose dos campos
3549904,São José dos Campos,7061,São José dos Campos,9ª RAJ São José dos Campos,São José dos Campos,Fórum São José dos Campos IV (Anexo Unip),sao jose dos campos
3550001,São Luiz do Paraitinga,7063,São Luiz do Paraitinga,9ª RAJ São José dos Campos,São Luiz do Paraitinga,Promotor Francisco Esmeraldo de Melo,sao luiz do paraitinga
3550100,São Manuel,7064,São Manuel,3ª RAJ Bauru,São Manuel,"Fórum Desembargador ""Julio César de Faria""",sao manuel
3550100,São Manuel,7064,São Manuel,3ª RAJ Bauru,São Manuel,Fórum São Manuel II (Arquivo),sao manuel
3550100,São Manuel,7064,São Manuel,3ª RAJ Bauru,São Manuel,Fórum São Manuel III (CEJUSC),sao manuel
3550100,São Manuel,7064,São Manuel,3ª RAJ Bauru,São Manuel,Fórum São Manuel IV (Anexo do JEC - UAAJ - AREIÓPOLIS),sao manuel
3550209,São Miguel Arcanjo,7065,São Miguel Arcanjo,10ª RAJ Sorocaba,São Miguel Arcanjo,"Fórum ""Desembargador Luiz Gonzaga de Campos Gouvêa""",sao miguel arcanjo
3550209,São Miguel Arcanjo,7065,São Miguel Arcanjo,10ª RAJ Sorocaba,São Miguel Arcanjo,Fórum II - São Miguel Arcanjo (JEC/JECrim),sao miguel arcanjo
3550308,São Paulo,7066,São Paulo,1ª RAJ Grande São Paulo,São Paulo,1,sao paulo
3550308,São Paulo,7066,São Paulo,1ª RAJ Grande São Paulo,São Paulo,Página 1 de 5,sao paulo
3550308,São Paulo,7066,São Paulo,1ª RAJ Grande São Paulo,São Paulo,Centro Administrativo - Consolação,sao paulo
3550308,São Paulo,7066,São Paulo,1ª RAJ Grande São Paulo,São Paulo,Centro de Integração da Cidadania - CIC Feitiço da Vila,sao paulo
3550308,São Paulo,7066,São Paulo,1ª RAJ Grande São Paulo,São Paulo,Centro de Integração da Cidadania - CIC Leste,sao paulo
3550308,São Paulo,7066,São Paulo,1ª RAJ Grande São Paulo,São Paulo,Centro de Integração da Cidadania - CIC Oeste,sao paulo
3550308,São Paulo,7066,São Paulo,1ª RAJ Grande São Paulo,São Paulo,Centro de Integração da Cidadania - CIC SUL,sao paulo
3550308,São Paulo,7066,São Paulo,1ª RAJ Grande São Paulo,São Paulo,Complexo Judicário Ipiranga,sao paulo
3550308,São Paulo,7066,São Paulo,1ª RAJ Grande São Paulo,São Paulo,Foro Regional II - Santo Amaro - Casa do Advogado,sao paulo
3550308,São Paulo,7066,São Paulo,1ª RAJ Grande São Paulo,São Paulo,Foro Regional II - Santo Amaro - Prédio Adolfo Pinheiro,sao paulo
3550308,São Paulo,7066,São Paulo,1ª RAJ Grande São Paulo,São Paulo,Foro Regional II - Santo Amaro - Prédio Nações Unidas,sao paulo
3550308,São Paulo,7066,São Paulo,1ª RAJ Grande São Paulo,São Paulo,Foro Regional III - Jabaquara/Saúde,sao paulo
3550308,São Paulo,7066,São Paulo,1ª RAJ Grande São Paulo,São Paulo,Foro Regional XV - Butantã,sao paulo
3550308,São Paulo,7066,São Paulo,1ª RAJ Grande São Paulo,São Paulo,Fórum Criminal Complexo Judiciário Ministro Mário Guimarães - Barra Funda,sao paulo
3550407,São Pedro,7067,São Pedro,4ª RAJ Campinas,São Pedro,"Fórum ""Francisco Mendes de Aguiar""",sao pedro
3550605,São Roque,7069,São Roque,10ª RAJ Sorocaba,São Roque,Fórum São Roque I,sao roque
3550704,São Sebastião,7070,São Sebastião,9ª RAJ São José dos Campos,São Sebastião,CENTRO JUDICIÁRIO DE SOLUÇÃO DE CONFLITOS E CIDADANIA DE SÃO SEBASTIÃO,sao sebastiao
3550704,São Sebastião,7070,São Sebastião,9ª RAJ São José dos Campos,São Sebastião,Ed. Promotor Carlos Siqueira Neto,sao sebastiao
3550803,São Sebastião da Grama,7071,São Sebastião da Grama,6ª RAJ Ribeirão Preto,São Sebastião da Grama,Fórum da Comarca de São Sebastião da Grama,sao sebastiao da grama
3550803,São Sebastião da Grama,7071,São Sebastião da Grama,6ª RAJ Ribeirão Preto,São Sebastião da Grama,Fórum da Comarca de São Sebastião da Grama (JEC),sao sebastiao da grama
3550902,São Simão,7072,São Simão,6ª RAJ Ribeirão Preto,São Simão,Fórum de São Simão,sao simao
3550902,São Simão,7072,São Simão,6ª RAJ Ribeirão Preto,São Simão,Fórum II São Simão (Residência Oficial),sao simao
3551009,São Vicente,7073,São Vicente,7ª RAJ Santos,São Vicente,Fórum DR. ANTONIO FELICIANO,sao vicente
3551009,São Vicente,7073,São Vicente,7ª RAJ Santos,São Vicente,Fórum São Vicente II - ( Fazenda Pública),sao vicente
3551009,São Vicente,7073,São Vicente,7ª RAJ Santos,São Vicente,Fórum São Vicente III - (Juizado Especial),sao vicente
3551009,São Vicente,7073,São Vicente,7ª RAJ Santos,São Vicente,Seção Administrativa de Distribuição de Mandados,sao vicente
3551009,São Vicente,7073,São Vicente,7ª RAJ Santos,São Vicente,Fórum São Vicente VI - (Almoxarifado e Arquivo),sao vicente
3551009,São Vicente,7073,São Vicente,7ª RAJ Santos,São Vicente,1ª e 2ª VARAS DA FAMÍLIA e CENTRO JUDICIÁRIO DE SOLUÇÃO DE CONFLITOS E CIDADANIA,sao vicente
3551603,Serra Negra,7079,Serra Negra,4ª RAJ Campinas,Serra Negra,Fórum Serra Negra I - (Principal),serra negra
3551603,Serra Negra,7079,Serra Negra,4ª RAJ Campinas,Serra Negra,Fórum Serra Negra II - (Distribuidor e Seção de Administração Geral),serra negra
3551603,Serra Negra,7079,Serra Negra,4ª RAJ Campinas,Serra Negra,Fórum Serra Negra III - (Juizado Especial Cível),serra negra
3551603,Serra Negra,7079,Serra Negra,4ª RAJ Campinas,Serra Negra,Fórum Serra Negra IV - (ARQUIVO e a SADM),serra negra
3551504,Serrana,7078,Serrana,6ª RAJ Ribeirão Preto,Serrana,Fórum Serrana,serrana
3551702,Sertãozinho,7080,Sertãozinho,6ª RAJ Ribeirão Preto,Sertãozinho,Fórum Sertãozinho I,sertaozinho
3551702,Sertãozinho,7080,Sertãozinho,6ª RAJ Ribeirão Preto,Sertãozinho,Fórum Sertãozinho II - CEJUSC / SEF,sertaozinho
3552106,Socorro,7084,Socorro,4ª RAJ Campinas,Socorro,"Fórum ""Dr. Alfredo de Carvalho Pinto""",socorro
3552106,Socorro,7084,Socorro,4ª RAJ Campinas,Socorro,Fórum II de Socorro (Juizado Especial Cível e Criminal),socorro
3552205,Sorocaba,7085,Sorocaba,10ª RAJ Sorocaba,Sorocaba,Fórum Sorocaba I - Ministro Piza e Almeida,sorocaba
3552205,Sorocaba,7085,Sorocaba,10ª RAJ Sorocaba,Sorocaba,Prédio do CEJUSC I Sorocaba,sorocaba
3552205,Sorocaba,7085,Sorocaba,10ª RAJ Sorocaba,Sorocaba,Prédio do CEJUSC IX Sorocaba - Araçoiaba da Serra,sorocaba
3552205,Sorocaba,7085,Sorocaba,10ª RAJ Sorocaba,Sorocaba,Prédio do Juizado Especial Cível VII Sorocaba – anexo FADI,sorocaba
3552403,Sumaré,7087,Sumaré,4ª RAJ Campinas,Sumaré,Fórum Sumaré I,sumare
3552403,Sumaré,7087,Sumaré,4ª RAJ Campinas,Sumaré,Fórum Sumaré III - Cejusc,sumare
3552502,Suzano,7088,Suzano,1ª RAJ Grande São Paulo,Suzano,Fórum Suzano I - Cível - Criminal - JEC- Anexo das Fazendas,suzano
3552502,Suzano,7088,Suzano,1ª RAJ Grande São Paulo,Suzano,Fórum Suzano II - (Cejusc),suzano
3552601,Tabapuã,7090,Tabapuã,8ª RAJ São José do Rio Preto,Tabapuã,Fórum Tabapuã,tabapua
3552809,Taboão da Serra,7092,Taboão da Serra,1ª RAJ Grande São Paulo,Taboão da Serra,CEJUSC - Taboão da Serra,taboao da serra
3552809,Taboão da Serra,7092,Taboão da Serra,1ª RAJ Grande São Paulo,Taboão da Serra,Fórum Taboão da Serra I - (Principal),taboao da serra
3552809,Taboão da Serra,7092,Taboão da Serra,1ª RAJ Grande São Paulo,Taboão da Serra,Fórum Taboão da Serra II - Anexo Fiscal,taboao da serra
3552809,Taboão da Serra,7092,Taboão da Serra,1ª RAJ Grande São Paulo,Taboão da Serra,Fórum Taboão da Serra III - Arq. das Execuções Fiscais,taboao da serra
3553302,Tambaú,7097,Tambaú,6ª RAJ Ribeirão Preto,Tambaú,Fórum Tambaú,tambau
3553401,Tanabi,7098,Tanabi,8ª RAJ São José do Rio Preto,Tanabi,Fórum Dr. Acrísio Pires Domingues,tanabi
3553401,Tanabi,7098,Tanabi,8ª RAJ São José do Rio Preto,Tanabi,Fórum Tanabi (Juizado Especial Cível e Criminal),tanabi
3553708,Taquaritinga,7102,Taquaritinga,6ª RAJ Ribeirão Preto,Taquaritinga,Fórum Taquaritinga I,taquaritinga
3553708,Taquaritinga,7102,Taquaritinga,6ª RAJ Ribeirão Preto,Taquaritinga,Fórum Taquaritinga II (Anexo Fiscal / JECCrim / Central de Mandados),taquaritinga
3553708,Taquaritinga,7102,Taquaritinga,6ª RAJ Ribeirão Preto,Taquaritinga,Fórum Taquaritinga III ( CEJUSC ),taquaritinga
3553807,Taquarituba,7103,Taquarituba,3ª RAJ Bauru,Taquarituba,Fórum I Taquarituba - Joaquim Rodrigues,taquarituba
3553807,Taquarituba,7103,Taquarituba,3ª RAJ Bauru,Taquarituba,Fórum II Taquarituba (Residência Oficial),taquarituba
3554003,Tatuí,7107,Tatuí,10ª RAJ Sorocaba,Tatuí,Fórum Tatuí I,tatui
3554102,Taubaté,7108,Taubaté,9ª RAJ São José dos Campos,Taubaté,Fórum Taubaté I - (Criminal),taubate
3554102,Taubaté,7108,Taubaté,9ª RAJ São José dos Campos,Taubaté,Fórum Cível da Comarca de Taubaté,taubate
3554102,Taubaté,7108,Taubaté,9ª RAJ São José dos Campos,Taubaté,Fórum Taubaté  (Fazenda Pública),taubate
3554102,Taubaté,7108,Taubaté,9ª RAJ São José dos Campos,Taubaté,Fórum Taubaté V - (Cartório Setor Técnico),taubate
3554102,Taubaté,7108,Taubaté,9ª RAJ São José dos Campos,Taubaté,Fórum Taubaté VI - (Anexo do JEC - UNITAU),taubate
3554300,Teodoro Sampaio,7110,Teodoro Sampaio,5ª RAJ Presidente Prudente,Teodoro Sampaio,Fórum de Teodoro Sampaio I (JIC e JEC),teodoro sampaio
3554300,Teodoro Sampaio,7110,Teodoro Sampaio,5ª RAJ Presidente Prudente,Teodoro Sampaio,Fórum de Teodoro Sampaio II (Anexo do JEC - UAAJ - Euclides da Cunha Paulista),teodoro sampaio
3554508,Tietê,7112,Tietê,4ª RAJ Campinas,Tietê,Fórum Tietê,tiete
3554508,Tietê,7112,Tietê,4ª RAJ Campinas,Tietê,Fórum da Comarca de Tietê III (Cartório Eleitoral),tiete
3554805,Tremembé,7117,Tremembé,9ª RAJ São José dos Campos,Tremembé,"""Desembargador Jurandyr Nilsson""",tremembe
3555000,Tupã,7120,Tupã,5ª RAJ Presidente Prudente,Tupã,Fórum Tupã I,tupa
3555109,Tupi Paulista,7121,Tupi Paulista,5ª RAJ Presidente Prudente,Tupi Paulista,Fórum I Tupi Paulista,tupi paulista
3555109,Tupi Paulista,7121,Tupi Paulista,5ª RAJ Presidente Prudente,Tupi Paulista,Fórum II Tupi Paulista,tupi paulista
3555406,Ubatuba,7125,Ubatuba,9ª RAJ São José dos Campos,Ubatuba,Fórum Ubatuba - Des. Joaquim de Syllus Cintra,ubatuba
3555802,Urânia,7129,Urânia,2ª RAJ Araçatuba,Urânia,Fórum da Comarca de Urânia I,urania
3555802,Urânia,7129,Urânia,2ª RAJ Araçatuba,Urânia,Fórum da Comarca de Urânia II (Cejusc),urania
3556008,Urupês,7131,Urupês,8ª RAJ São José do Rio Preto,Urupês,Fórum Urupês,urupes
3556206,Valinhos,7133,Valinhos,4ª RAJ Campinas,Valinhos,Fórum Valinhos I - (Principal),valinhos
3556206,Valinhos,7133,Valinhos,4ª RAJ Campinas,Valinhos,Fórum Valinhos II - (Vara do Juizado Especial Cível e Criminal),valinhos
3556206,Valinhos,7133,Valinhos,4ª RAJ Campinas,Valinhos,Fórum Valinhos III - (Setor das Execuções Fiscais),valinhos
3556305,Valparaíso,7134,Valparaíso,2ª RAJ Araçatuba,Valparaíso,Fórum Desembargador Antonio Marzagão Barbuto,valparaiso
3556305,Valparaíso,7134,Valparaíso,2ª RAJ Araçatuba,Valparaíso,Juizado Especial Cível da Comarca de Valparaíso,valparaiso
3556404,Vargem Grande do Sul,7136,Vargem Grande do Sul,4ª RAJ Campinas,Vargem Grande do Sul,Fórum Vargem Grande do Sul,vargem grande do sul
3556453,Vargem Grande Paulista,7137,Vargem Grande Paulista,1ª RAJ Grande São Paulo,Vargem Grande Paulista,Desembargador HELIO DE QUADROS ARRUDA,vargem grande paulista
3556503,Várzea Paulista,7138,Várzea Paulista,4ª RAJ Campinas,Várzea Paulista,Fórum da Comarca de Várzea Paulista I,varzea paulista
3556503,Várzea Paulista,7138,Várzea Paulista,4ª RAJ Campinas,Várzea Paulista,Forum da Comarca de Várzea Paulista II - Setor de Execuções Fiscais,varzea paulista
3556701,Vinhedo,7140,Vinhedo,4ª RAJ Campinas,Vinhedo,Fórum Juiz João Mendes,vinhedo
3556701,Vinhedo,7140,Vinhedo,4ª RAJ Campinas,Vinhedo,Fórum Vinhedo II - Execução Fiscal,vinhedo
3556701,Vinhedo,7140,Vinhedo,4ª RAJ Campinas,Vinhedo,Fórum Vinhedo III - CEJUSC,vinhedo
3556800,Viradouro,7141,Viradouro,8ª RAJ São José do Rio Preto,Viradouro,Gabriel Custódio da Silveira,viradouro
3557006,Votorantim,7144,Votorantim,10ª RAJ Sorocaba,Votorantim,Fórum Votorantim,votorantim
3557105,Votuporanga,7145,Votuporanga,8ª RAJ São José do Rio Preto,Votuporanga,Fórum Votuporanga I,votuporanga
3557105,Votuporanga,7145,Votuporanga,8ª RAJ São José do Rio Preto,Votuporanga,Fórum Votuporanga II - (Anexo Fiscal),votuporanga
3557105,Votuporanga,7145,Votuporanga,8ª RAJ São José do Rio Preto,Votuporanga,Fórum Votuporanga III - (CEJUSC),votuporanga
